Map_Label,Longitude,Latitude,Acres,TMA_PropertyID,SquareFeet,PerimeterLength,PropertyType,Address,City,State,Zipcode,Complex,PSA,SupDist,Ownership,Land_ID,State_Senate,MONS_Neighborhood,Police_District,US_Congress,Realtor_Neighborhood,State_Assembly,Planning_Neighborhood,shape,created_date,last_edited_date
Broadway Tunnel West Mini Park,-122.41742316,37.79643555,0.12450614,203,5423.48692693,317.6084571,Mini Park,1201 Broadway,San Francisco,CA,94109,North Beach Complex,PSA1,3,Public Works,621.0,11th Senatorial District,"Russian Hill,Nob Hill",Central,12th Congressional District,Nob Hill,17th Assembly District,Nob Hill,"MULTIPOLYGON (((-122.4172362 37.796398, -122.4172524 37.7964771, -122.4172568 37.796499, -122.4172636 37.7965321, -122.417479 37.7965043, -122.4175109 37.7965003, -122.4175597 37.7964942, -122.4175846 37.7964911, -122.4176341 37.796485, -122.4176098 37.7963482, -122.4172362 37.796398)))",04/22/2023 12:01:41 AM,04/22/2023 12:01:41 AM
Mullen & Peralta Mini Park,-122.40880709,37.74607639,0.45038527,176,19618.77719044,694.97758889,Mini Park,Mullen & Peralta,San Francisco,CA,94110,Bernal/St. Mary's Complex,PSA6,9,Public Works,564.0,11th Senatorial District,Peralta Heights,Ingleside,12th Congressional District,Bernal Heights,17th Assembly District,Bernal Heights,"MULTIPOLYGON (((-122.4090072 37.7463391, -122.4090072 37.7463382, -122.4090071 37.7463372, -122.4090071 37.7463363, -122.409007 37.7463359, -122.4089476 37.7456918, -122.4089475 37.7456913, -122.4089474 37.7456908, -122.4089473 37.7456904, -122.4089472 37.7456899, -122.408947 37.7456894, -122.4089469 37.745689, -122.4089467 37.7456885, -122.4089465 37.7456881, -122.4089463 37.7456876, -122.408946 37.7456872, -122.4089458 37.7456867, -122.4089455 37.7456863, -122.4089452 37.7456859, -122.408945 37.7456856, -122.4089447 37.7456853, -122.4089444 37.7456849, -122.4089441 37.7456846, -122.4089438 37.7456843, -122.4089435 37.745684, -122.4089432 37.7456838, -122.4089428 37.7456834, -122.4089425 37.7456832, -122.4089422 37.7456829, -122.4089417 37.7456826, -122.4089413 37.7456823, -122.4089408 37.745682, -122.4089403 37.7456817, -122.4089398 37.7456814, -122.4089394 37.7456812, -122.408939 37.7456811, -122.4089385 37.7456808, -122.4089381 37.7456806, -122.4089283 37.7456767, -122.4089187 37.7456726, -122.4089091 37.7456684, -122.4088996 37.745664, -122.4088903 37.7456596, -122.4088854 37.7456571, -122.4088847 37.7456566, -122.408884 37.7456562, -122.4088833 37.7456557, -122.4088825 37.7456552, -122.4088818 37.7456548, -122.4088811 37.7456543, -122.4088803 37.7456539, -122.4088795 37.7456535, -122.4088788 37.7456531, -122.408878 37.7456527, -122.4088772 37.7456523, -122.4088764 37.7456519, -122.4088756 37.7456515, -122.4088748 37.7456512, -122.408874 37.7456508, -122.4088732 37.7456505, -122.4088723 37.7456502, -122.4088715 37.7456499, -122.4088706 37.7456496, -122.4088698 37.7456493, -122.4088689 37.745649, -122.4088681 37.7456488, -122.4088672 37.7456485, -122.4088663 37.7456483, -122.4088654 37.745648, -122.4088645 37.7456478, -122.4088636 37.7456476, -122.4088627 37.7456474, -122.4088618 37.7456473, -122.4088609 37.7456471, -122.40886 37.745647, -122.4088591 37.7456468, -122.4088582 37.7456467, -122.4088573 37.7456466, -122.4088564 37.7456465, -122.4088555 37.7456464, -122.4088545 37.7456463, -122.4088536 37.7456462, -122.4088527 37.7456462, -122.4088518 37.7456462, -122.4088508 37.7456461, -122.4088499 37.7456461, -122.408849 37.7456461, -122.408848 37.7456461, -122.4088471 37.7456462, -122.4088462 37.7456462, -122.4088453 37.7456463, -122.4088444 37.7456463, -122.4088434 37.7456464, -122.4088425 37.7456465, -122.4088416 37.7456466, -122.4088407 37.7456467, -122.4088398 37.7456469, -122.4088394 37.7456469, -122.4088413 37.745668, -122.4088608 37.7458787, -122.4088097 37.7459009, -122.4087338 37.7459338, -122.408658 37.7459668, -122.4085801 37.7460006, -122.4085118 37.7460303, -122.4086234 37.7461966, -122.4086891 37.746292, -122.4086908 37.7462923, -122.4086978 37.7462938, -122.4087047 37.7462953, -122.4087116 37.746297, -122.4087184 37.7462987, -122.4087252 37.7463006, -122.4087319 37.7463025, -122.4087387 37.7463045, -122.4087453 37.7463066, -122.408752 37.7463088, -122.4087585 37.7463111, -122.4087651 37.7463135, -122.4087715 37.746316, -122.4087779 37.7463186, -122.4087843 37.7463212, -122.4087906 37.746324, -122.4087968 37.7463268, -122.408803 37.7463297, -122.4088091 37.7463328, -122.4088151 37.7463358, -122.4088211 37.746339, -122.408827 37.7463423, -122.4088328 37.7463456, -122.4088378 37.7463485, -122.4088963 37.7463837, -122.4088972 37.7463843, -122.4088982 37.7463849, -122.4088992 37.7463854, -122.4089002 37.7463859, -122.4089012 37.7463864, -122.4089023 37.746387, -122.4089033 37.7463874, -122.4089043 37.7463879, -122.4089054 37.7463884, -122.4089065 37.7463888, -122.4089075 37.7463893, -122.4089086 37.7463897, -122.4089097 37.7463901, -122.4089108 37.7463905, -122.408912 37.7463908, -122.4089131 37.7463912, -122.4089142 37.7463915, -122.4089153 37.7463918, -122.4089165 37.7463921, -122.4089176 37.7463924, -122.4089188 37.7463927, -122.40892 37.746393, -122.4089211 37.7463932, -122.4089223 37.7463934, -122.4089235 37.7463936, -122.4089247 37.7463938, -122.4089258 37.746394, -122.408927 37.7463942, -122.4089282 37.7463943, -122.4089294 37.7463944, -122.4089306 37.7463946, -122.4089318 37.7463947, -122.408933 37.7463947, -122.4089342 37.7463948, -122.4089354 37.7463948, -122.4089366 37.7463949, -122.4089379 37.7463949, -122.4089391 37.7463949, -122.4089403 37.7463948, -122.4089415 37.7463948, -122.4089427 37.7463948, -122.4089439 37.7463947, -122.4089451 37.7463946, -122.4089463 37.7463945, -122.4089475 37.7463944, -122.4089487 37.7463942, -122.4089499 37.7463941, -122.4089511 37.7463939, -122.4089522 37.7463937, -122.4089534 37.7463935, -122.4089546 37.7463933, -122.4089558 37.746393, -122.4089569 37.7463928, -122.4089581 37.7463925, -122.4089592 37.7463922, -122.4089604 37.7463919, -122.4089615 37.7463916, -122.4089627 37.7463913, -122.4089638 37.7463909, -122.4089649 37.7463906, -122.408966 37.7463902, -122.4089671 37.7463898, -122.4089682 37.7463894, -122.4089693 37.746389, -122.4089704 37.7463885, -122.4089714 37.7463881, -122.4089725 37.7463876, -122.4089735 37.7463871, -122.4089745 37.7463866, -122.4089756 37.7463861, -122.4089766 37.7463856, -122.4089776 37.746385, -122.4089786 37.7463845, -122.4089795 37.7463839, -122.4089805 37.7463833, -122.4089814 37.7463827, -122.4089824 37.7463821, -122.4089833 37.7463815, -122.4089842 37.7463809, -122.4089851 37.7463802, -122.408986 37.7463796, -122.4089868 37.7463789, -122.4089877 37.7463782, -122.4089885 37.7463775, -122.4089893 37.7463768, -122.4089901 37.7463761, -122.4089909 37.7463754, -122.4089917 37.7463746, -122.4089924 37.7463739, -122.4089932 37.7463731, -122.4089939 37.7463724, -122.4089946 37.7463716, -122.4089953 37.7463708, -122.408996 37.74637, -122.4089966 37.7463692, -122.4089972 37.7463684, -122.4089979 37.7463675, -122.4089984 37.7463667, -122.408999 37.7463659, -122.4089996 37.746365, -122.4090001 37.7463642, -122.4090007 37.7463633, -122.4090012 37.7463624, -122.4090016 37.7463615, -122.4090021 37.7463607, -122.4090025 37.7463598, -122.409003 37.7463589, -122.4090034 37.746358, -122.4090038 37.7463571, -122.4090041 37.7463561, -122.4090045 37.7463552, -122.4090048 37.7463543, -122.4090051 37.7463534, -122.4090054 37.7463524, -122.4090057 37.7463515, -122.4090059 37.7463506, -122.4090061 37.7463496, -122.4090063 37.7463487, -122.4090065 37.7463477, -122.4090067 37.7463468, -122.4090068 37.7463458, -122.4090069 37.7463449, -122.409007 37.7463439, -122.4090071 37.746343, -122.4090072 37.746342, -122.4090072 37.7463411, -122.4090072 37.7463401, -122.4090072 37.7463391)))",04/22/2023 12:01:41 AM,04/22/2023 12:01:41 AM
Coso & Precita Mini Park,-122.41812033,37.74624354,0.15048622,199,6555.17547189,451.74778277,Mini Park,Coso & Precita,San Francisco,CA,94110,Bernal/St. Mary's Complex,PSA6,9,Recreation & Park,4200000009.0,11th Senatorial District,Bernal Heights,Ingleside,12th Congressional District,Bernal Heights,17th Assembly District,Bernal Heights,"MULTIPOLYGON (((-122.4179553 37.7460346, -122.4179547 37.7460346, -122.4179541 37.7460346, -122.4179535 37.7460347, -122.4179529 37.7460348, -122.4179523 37.7460349, -122.4179517 37.746035, -122.4179511 37.7460351, -122.4179506 37.7460353, -122.41795 37.7460354, -122.4179494 37.7460356, -122.4179489 37.7460358, -122.4179483 37.746036, -122.4179478 37.7460362, -122.4179473 37.7460365, -122.4179468 37.7460367, -122.4179463 37.746037, -122.4179458 37.7460373, -122.4179453 37.7460376, -122.4179448 37.7460379, -122.4179444 37.7460382, -122.4179439 37.7460385, -122.4179435 37.7460389, -122.4179431 37.7460392, -122.4179427 37.7460396, -122.4179424 37.74604, -122.417942 37.7460404, -122.4179417 37.7460408, -122.4179413 37.7460412, -122.417941 37.7460416, -122.4179408 37.746042, -122.4179405 37.7460424, -122.4179402 37.7460429, -122.41794 37.7460433, -122.4179398 37.7460438, -122.4179396 37.7460442, -122.4179394 37.7460447, -122.4179393 37.7460451, -122.4179392 37.7460456, -122.4179391 37.7460461, -122.417939 37.7460466, -122.4179389 37.746047, -122.4179389 37.7460475, -122.4179388 37.746048, -122.4179388 37.7460485, -122.4179389 37.746049, -122.4179389 37.7460494, -122.417939 37.7460499, -122.417939 37.7460504, -122.4179392 37.7460509, -122.4179393 37.7460513, -122.4179394 37.7460518, -122.4179396 37.7460523, -122.4179398 37.7460527, -122.41794 37.7460532, -122.4179402 37.7460536, -122.4179404 37.746054, -122.4179406 37.7460543, -122.4182454 37.746551, -122.4182455 37.7465513, -122.4182457 37.7465515, -122.4182459 37.7465518, -122.4182461 37.746552, -122.4182463 37.7465523, -122.4182465 37.7465525, -122.4182467 37.7465527, -122.418247 37.7465529, -122.4182472 37.7465532, -122.4182475 37.7465534, -122.4182477 37.7465536, -122.418248 37.7465537, -122.4182483 37.7465539, -122.4182486 37.7465541, -122.4182489 37.7465543, -122.4182492 37.7465544, -122.4182495 37.7465546, -122.4182498 37.7465547, -122.4182501 37.7465548, -122.4182505 37.746555, -122.4182508 37.7465551, -122.4182511 37.7465552, -122.4182515 37.7465553, -122.4182518 37.7465553, -122.4182522 37.7465554, -122.4182525 37.7465555, -122.4182529 37.7465555, -122.4182532 37.7465556, -122.4182536 37.7465556, -122.418254 37.7465556, -122.4182543 37.7465557, -122.4182547 37.7465557, -122.418255 37.7465557, -122.4182554 37.7465556, -122.4182558 37.7465556, -122.4182561 37.7465556, -122.4182565 37.7465555, -122.4182568 37.7465555, -122.4182572 37.7465554, -122.4182575 37.7465554, -122.4182579 37.7465553, -122.4182582 37.7465552, -122.4182586 37.7465551, -122.4182589 37.746555, -122.4182592 37.7465548, -122.4182596 37.7465547, -122.4182599 37.7465546, -122.4182602 37.7465544, -122.4182605 37.7465543, -122.4182608 37.7465541, -122.4182611 37.7465539, -122.4182614 37.7465537, -122.4182616 37.7465536, -122.4182619 37.7465534, -122.4182622 37.7465532, -122.4182624 37.7465529, -122.4182626 37.7465527, -122.4182629 37.7465525, -122.4182631 37.7465523, -122.4182633 37.746552, -122.4182635 37.7465518, -122.4182637 37.7465516, -122.4182638 37.7465513, -122.418264 37.746551, -122.4182642 37.7465508, -122.4182643 37.7465505, -122.4182644 37.7465503, -122.4182646 37.74655, -122.4182647 37.7465497, -122.4182648 37.7465494, -122.4182648 37.7465491, -122.4182649 37.7465489, -122.418265 37.7465486, -122.418265 37.7465483, -122.418265 37.746548, -122.4182651 37.7465477, -122.4182651 37.7465474, -122.4182651 37.7465471, -122.418265 37.7465469, -122.418265 37.7465466, -122.4182108 37.7461437, -122.4182108 37.7461432, -122.4182107 37.7461427, -122.4182106 37.7461423, -122.4182104 37.7461418, -122.4182103 37.7461413, -122.4182101 37.7461409, -122.4182099 37.7461404, -122.4182097 37.74614, -122.4182094 37.7461395, -122.4182092 37.7461391, -122.4182089 37.7461387, -122.4182086 37.7461383, -122.4182083 37.7461379, -122.418208 37.7461375, -122.4182076 37.7461371, -122.4182073 37.7461367, -122.4182069 37.7461363, -122.4182065 37.7461359, -122.4182061 37.7461356, -122.4182056 37.7461353, -122.4182052 37.7461349, -122.4182047 37.7461346, -122.4182043 37.7461343, -122.4182038 37.746134, -122.4182033 37.7461338, -122.4182028 37.7461335, -122.4182023 37.7461332, -122.4182015 37.7461329, -122.417964 37.7460361, -122.4179635 37.7460359, -122.4179629 37.7460357, -122.4179624 37.7460355, -122.4179618 37.7460353, -122.4179612 37.7460352, -122.4179607 37.746035, -122.4179601 37.7460349, -122.4179595 37.7460348, -122.4179589 37.7460347, -122.4179583 37.7460347, -122.4179577 37.7460346, -122.4179571 37.7460346, -122.4179565 37.7460346, -122.4179559 37.7460345, -122.4179553 37.7460346)))",04/22/2023 12:01:41 AM,04/22/2023 12:01:41 AM
Lakeview & Ashton Mini Park,-122.46257271,37.71809145,0.51484395,20,22426.60058509,708.76896534,Mini Park,Ashton & Lakeview Streets,San Francisco,CA,94132,Lake Merced Complex,PSA4,11,Recreation & Park,39.0,11th Senatorial District,"Oceanview,Ingleside,Merced Heights",Taraval,14th Congressional District,"Ingleside Heights,Merced Heights,Oceanview",19th Assembly District,Ocean View,"MULTIPOLYGON (((-122.4627561 37.7180076, -122.4627553 37.7179538, -122.4627536 37.7178919, -122.4625486 37.7178899, -122.4625474 37.7178864, -122.462461 37.7178866, -122.4624304 37.7178867, -122.4624043 37.7178868, -122.4623746 37.7178868, -122.4622881 37.7178871, -122.4622909 37.7181617, -122.4623128 37.7181616, -122.4623259 37.7181616, -122.4623425 37.7181616, -122.462352 37.7181615, -122.4623546 37.7182812, -122.4625635 37.7182817, -122.4627588 37.7182823, -122.4630232 37.7182805, -122.4630224 37.7182118, -122.462936 37.7182124, -122.4628496 37.718213, -122.4628472 37.718007, -122.4627561 37.7180076)))",04/22/2023 12:01:41 AM,04/22/2023 12:01:41 AM
Lessing & Sears Mini Park,-122.45532293,37.70861819,0.16883586,14,7354.49061121,358.08950608,Mini Park,Sickles & Sears,San Francisco,CA,94112,Crocker Complex,PSA3,11,Recreation & Park,30.0,11th Senatorial District,Outer Mission,Ingleside,14th Congressional District,Outer Mission,19th Assembly District,Outer Mission,"MULTIPOLYGON (((-122.455254 37.708452, -122.4551982 37.7085044, -122.4551179 37.7085797, -122.4551463 37.708601, -122.4552968 37.7087145, -122.4554068 37.7087974, -122.455497 37.7087128, -122.4555564 37.708657, -122.455254 37.708452)))",04/22/2023 12:01:41 AM,04/22/2023 12:01:41 AM
Joost & Baden Mini Park,-122.4408417,37.7327328,0.14133386,158,6156.50549517,540.31173994,Mini Park,Joost & West of Baden,San Francisco,CA,94131,Glen Park Complex,PSA5,8,PUC/Clean Water Program,584.0,11th Senatorial District,Sunnyside,Ingleside,12th Congressional District,Sunnyside,17th Assembly District,Outer Mission,"MULTIPOLYGON (((-122.4408032 37.7324292, -122.4408085 37.7326253, -122.4408194 37.7330351, -122.44082 37.7330564, -122.4408205 37.7330751, -122.4409068 37.7330746, -122.4409064 37.7330562, -122.4409053 37.7330128, -122.4409051 37.7330068, -122.4409035 37.73294, -122.4409 37.7328039, -122.4408989 37.7327573, -122.4408938 37.7325555, -122.4408915 37.7324652, -122.4408904 37.7324199, -122.4408899 37.7324018, -122.4408025 37.7324023, -122.4408032 37.7324292)))",04/22/2023 12:01:41 AM,04/22/2023 12:01:41 AM
24th & York Mini Park,-122.40857387,37.753044,0.13315132,51,5800.06998092,332.00046624,Mini Park,24th & York Streets,San Francisco,CA,94110,Mission Complex,PSA6,9,Recreation & Park,95.0,11th Senatorial District,Mission,Mission,12th Congressional District,Inner Mission,17th Assembly District,Mission,"MULTIPOLYGON (((-122.4084857 37.7528954, -122.4084888 37.7529282, -122.4084889 37.7529287, -122.4084907 37.7529475, -122.4085097 37.7531473, -122.4085103 37.7531537, -122.4085108 37.7531589, -122.408516 37.753213, -122.4085846 37.7532089, -122.4086251 37.7532064, -122.4086252 37.7532064, -122.4086884 37.7532026, -122.4086692 37.7530011, -122.4086632 37.7529376, -122.4086619 37.7529238, -122.4086613 37.7529178, -122.4086581 37.752885, -122.4084857 37.7528954)))",04/22/2023 12:01:41 AM,04/22/2023 12:01:41 AM
Potrero Hill Mini Park,-122.3966542,37.75739557,0.22468105,10416,9787.10714327,630.65535354,Mini Park,22nd Street & Connecticut,San Francisco,CA,94107,Civic Center/Potrero Hill Complex,PSA2,10,Recreation & Park,96.0,11th Senatorial District,Potrero Hill,Bayview,12th Congressional District,Potrero Hill,17th Assembly District,Potrero Hill,"MULTIPOLYGON (((-122.3968709 37.7573403, -122.3961796 37.7573819, -122.3961888 37.7574777, -122.39688 37.7574357, -122.397156 37.757419, -122.3971469 37.7573237, -122.3968709 37.7573403)))",04/22/2023 12:01:41 AM,04/22/2023 12:01:41 AM
Beideman & O'Farrell Mini Park,-122.43859838,37.78240439,0.08771836,106,3821.01075951,245.66542355,Mini Park,O'Farrell & Beideman,San Francisco,CA,94115,Western Addition Complex,PSA2,5,Recreation & Park,201.0,11th Senatorial District,Western Addition,Park,12th Congressional District,Western Addition,19th Assembly District,Western Addition,"MULTIPOLYGON (((-122.4386912 37.7823263, -122.4385156 37.7823487, -122.4384712 37.7823546, -122.4384918 37.7824574, -122.4384918 37.7824575, -122.4384919 37.7824582, -122.4384921 37.7824589, -122.4384923 37.7824596, -122.4384925 37.7824603, -122.4384927 37.782461, -122.4384929 37.7824617, -122.4384932 37.7824624, -122.4384934 37.782463, -122.4384937 37.7824637, -122.438494 37.7824644, -122.4384943 37.7824651, -122.4384946 37.7824658, -122.438495 37.7824664, -122.4384953 37.7824671, -122.4384957 37.7824678, -122.4384961 37.7824684, -122.4384964 37.7824691, -122.4384969 37.7824697, -122.4384973 37.7824703, -122.4384977 37.782471, -122.4384982 37.7824716, -122.4384986 37.7824722, -122.4384991 37.7824728, -122.4384996 37.7824734, -122.4385001 37.782474, -122.4385006 37.7824746, -122.4385011 37.7824752, -122.4385017 37.7824758, -122.4385022 37.7824763, -122.4385028 37.7824769, -122.4385034 37.7824775, -122.438504 37.782478, -122.4385046 37.7824785, -122.4385052 37.7824791, -122.4385058 37.7824796, -122.4385064 37.7824801, -122.4385071 37.7824806, -122.4385077 37.7824811, -122.4385084 37.7824816, -122.4385091 37.7824821, -122.4385098 37.7824825, -122.4385105 37.782483, -122.4385112 37.7824834, -122.4385119 37.7824839, -122.4385126 37.7824843, -122.4385134 37.7824847, -122.4385141 37.7824851, -122.4385149 37.7824855, -122.4385156 37.7824859, -122.4385164 37.7824863, -122.4385172 37.7824866, -122.438518 37.782487, -122.4385188 37.7824873, -122.4385196 37.7824877, -122.4385204 37.782488, -122.4385212 37.7824883, -122.438522 37.7824886, -122.4385229 37.7824889, -122.4385237 37.7824891, -122.4385246 37.7824894, -122.4385254 37.7824897, -122.4385263 37.7824899, -122.4385271 37.7824901, -122.438528 37.7824903, -122.4385289 37.7824905, -122.4385297 37.7824907, -122.4385306 37.7824909, -122.4385315 37.7824911, -122.4385324 37.7824912, -122.4385333 37.7824914, -122.4385342 37.7824915, -122.438535 37.7824916, -122.4385359 37.7824917, -122.4385368 37.7824918, -122.4385377 37.7824919, -122.4385386 37.782492, -122.4385395 37.782492, -122.4385405 37.7824921, -122.4385414 37.7824921, -122.4385423 37.7824921, -122.4385432 37.7824921, -122.4385441 37.7824921, -122.438545 37.7824921, -122.4385459 37.782492, -122.4385468 37.782492, -122.4385477 37.7824919, -122.4385486 37.7824919, -122.4385495 37.7824918, -122.4385504 37.7824917, -122.4385513 37.7824916, -122.4387501 37.7824662, -122.4387439 37.7824392, -122.4387206 37.7823225, -122.4386912 37.7823263)))",04/22/2023 12:01:41 AM,04/22/2023 12:01:41 AM
Cayuga & Lamartine Mini Park,-122.4329453,37.7303435,0.15413288,159,6714.02811183,366.58137422,Mini Park,Cayuga & Lamartine Streets,San Francisco,CA,94112,Glen Park Complex,PSA5,11,PUC/Clean Water Program,586.0,11th Senatorial District,Mission Terrace,Ingleside,14th Congressional District,Mission Terrace,19th Assembly District,Outer Mission,"MULTIPOLYGON (((-122.4329615 37.7301453, -122.4328032 37.7302096, -122.4329509 37.7305433, -122.433116 37.7304976, -122.4329615 37.7301453)))",04/22/2023 12:01:41 AM,04/22/2023 12:01:41 AM
Washington & Hyde Mini Park,-122.41739732,37.793996,0.16126773,144,7024.82219478,389.11457454,Mini Park,Washington & Hyde,San Francisco,CA,94109,North Beach Complex,PSA1,3,Recreation & Park,257.0,11th Senatorial District,Nob Hill,Central,12th Congressional District,Nob Hill,17th Assembly District,Nob Hill,"MULTIPOLYGON (((-122.4172883 37.7938126, -122.4172938 37.7938397, -122.4173038 37.7938891, -122.4173691 37.7942102, -122.4174474 37.7942003, -122.4175123 37.794192, -122.4175328 37.7941894, -122.4175251 37.7941517, -122.4175212 37.7941324, -122.4175108 37.7940813, -122.4175086 37.7940705, -122.4175051 37.7940531, -122.4174912 37.7939848, -122.4174846 37.7939524, -122.4174711 37.7938858, -122.4174617 37.7938398, -122.4174575 37.7938189, -122.4174519 37.7937918, -122.4172883 37.7938126)))",04/22/2023 12:01:41 AM,04/22/2023 12:01:41 AM
Fallen Bridge Mini Park,-122.4060539,37.762317,0.31973125,202,13927.49193246,714.65073612,Mini Park,18th Street & Utah,San Francisco,CA,94110,Civic Center/Potrero Hill Complex,PSA2,10,Recreation & Park,4200000013.0,11th Senatorial District,Potrero Hill,Mission,12th Congressional District,Potrero Hill,17th Assembly District,Mission,"MULTIPOLYGON (((-122.4059002 37.7626381, -122.4059691 37.7626337, -122.406006 37.7626314, -122.4061166 37.7626244, -122.406117 37.7626244, -122.406117 37.7626247, -122.4061687 37.7626216, -122.4061298 37.762115, -122.4061326 37.7620772, -122.406141 37.7620461, -122.4061622 37.7620147, -122.4061922 37.7619859, -122.4062207 37.7619688, -122.4062485 37.7619564, -122.4062687 37.7619501, -122.4062843 37.761946, -122.4063098 37.7619435, -122.4063302 37.7619053, -122.4061926 37.7618545, -122.4059344 37.7622803, -122.4059276 37.7623102, -122.405928 37.762425, -122.4059237 37.7624575, -122.405918 37.7625015, -122.4059137 37.7625342, -122.4059002 37.7626381)))",04/22/2023 12:01:41 AM,04/22/2023 12:01:41 AM
Turk & Hyde Mini Park,-122.41593984,37.78272703,0.15398308,192,6707.50423884,323.233236,Mini Park,Hyde & Vallejo,San Francisco,CA,94102,Civic Center/Potrero Hill Complex,PSA2,5,Recreation & Park,3768.0,11th Senatorial District,Tenderloin,Tenderloin,12th Congressional District,Tenderloin,17th Assembly District,Downtown/Civic Center,"MULTIPOLYGON (((-122.4158274 37.7826365, -122.415827 37.7826365, -122.4158263 37.7826366, -122.4158256 37.7826367, -122.4158249 37.7826369, -122.4158242 37.782637, -122.4158235 37.7826371, -122.4158228 37.7826373, -122.4158221 37.7826374, -122.4158214 37.7826376, -122.4158207 37.7826378, -122.41582 37.782638, -122.4158194 37.7826382, -122.4158187 37.7826384, -122.415818 37.7826386, -122.4158173 37.7826388, -122.4158167 37.782639, -122.415816 37.7826393, -122.4158154 37.7826395, -122.4158147 37.7826398, -122.4158141 37.7826401, -122.4158135 37.7826404, -122.4158128 37.7826406, -122.4158122 37.7826409, -122.4158116 37.7826412, -122.415811 37.7826416, -122.4158104 37.7826419, -122.4158098 37.7826422, -122.4158092 37.7826426, -122.4158086 37.7826429, -122.4158081 37.7826433, -122.4158075 37.7826436, -122.4158069 37.782644, -122.4158064 37.7826444, -122.4158059 37.7826447, -122.4158053 37.7826451, -122.4158048 37.7826455, -122.4158043 37.7826459, -122.4158038 37.7826464, -122.4158033 37.7826468, -122.4158028 37.7826472, -122.4158023 37.7826476, -122.4158019 37.7826481, -122.4158014 37.7826485, -122.415801 37.782649, -122.4158005 37.7826494, -122.4158001 37.7826499, -122.4157997 37.7826504, -122.4157993 37.7826509, -122.4157989 37.7826513, -122.4157985 37.7826518, -122.4157981 37.7826523, -122.4157978 37.7826528, -122.4157974 37.7826533, -122.4157971 37.7826538, -122.4157968 37.7826543, -122.4157964 37.7826549, -122.4157961 37.7826554, -122.4157958 37.7826559, -122.4157956 37.7826564, -122.4157953 37.782657, -122.415795 37.7826575, -122.4157948 37.7826581, -122.4157945 37.7826586, -122.4157943 37.7826591, -122.4157941 37.7826597, -122.4157939 37.7826602, -122.4157937 37.7826608, -122.4157935 37.7826614, -122.4157934 37.7826619, -122.4157932 37.7826625, -122.4157931 37.782663, -122.415793 37.7826636, -122.4157929 37.7826642, -122.4157928 37.7826648, -122.4157927 37.7826653, -122.4157926 37.7826659, -122.4157925 37.7826665, -122.4157925 37.782667, -122.4157924 37.7826676, -122.4157924 37.7826682, -122.4157924 37.7826688, -122.4157924 37.7826693, -122.4157924 37.7826699, -122.4157924 37.7826705, -122.4157925 37.7826711, -122.4157925 37.7826716, -122.4157926 37.7826722, -122.4157927 37.7826728, -122.4157928 37.7826734, -122.4157929 37.7826739, -122.415793 37.7826745, -122.4158319 37.7828584, -122.4158729 37.7828532, -122.4159402 37.7828446, -122.4160142 37.7828352, -122.4160665 37.7828286, -122.4161186 37.7828219, -122.4160833 37.7826462, -122.4160822 37.7826409, -122.4160815 37.7826375, -122.416075 37.782605, -122.4158274 37.7826365)))",04/22/2023 12:01:41 AM,04/22/2023 12:01:41 AM
Sunnyside Conservatory,-122.44076296,37.73192078,0.29052795,180,12655.39644975,728.67383519,Mini Park,Monterey & Baden,San Francisco,CA,94131,Glen Park Complex,PSA5,7,Recreation & Park,3507.0,11th Senatorial District,Sunnyside,Ingleside,12th Congressional District,Sunnyside,17th Assembly District,Outer Mission,"MULTIPOLYGON (((-122.4405496 37.7320252, -122.4405496 37.7320277, -122.4405512 37.7322731, -122.4405523 37.7323103, -122.440553 37.7323349, -122.4406411 37.7323344, -122.4406399 37.7323125, -122.4406376 37.7322727, -122.4406358 37.7319917, -122.4407223 37.7319915, -122.4408087 37.7319913, -122.4408952 37.7319911, -122.4409816 37.731991, -122.4409825 37.7318932, -122.4409811 37.7316781, -122.4407184 37.7316795, -122.4407207 37.731749, -122.440721 37.7317845, -122.4407212 37.7318291, -122.4407213 37.7318399, -122.4407213 37.7318429, -122.4407216 37.7318788, -122.4407218 37.7319125, -122.4407219 37.7319393, -122.4406201 37.7319396, -122.4406066 37.7319396, -122.4405836 37.7319396, -122.440562 37.7319397, -122.440549 37.7319397, -122.4405494 37.7319919, -122.4405496 37.7320252)))",04/22/2023 12:01:41 AM,04/22/2023 12:01:41 AM
Sgt. John Macaulay Park,-122.4181763,37.78539574,0.27774379,123,12098.51413002,444.4984807,Mini Park,Larkin & O'Farrell Streets,San Francisco,CA,94109,Civic Center/Potrero Hill Complex,PSA2,5,Recreation & Park,226.0,11th Senatorial District,Tenderloin,Northern,12th Congressional District,Downtown,17th Assembly District,Downtown/Civic Center,"MULTIPOLYGON (((-122.4180467 37.7852225, -122.4180462 37.7852225, -122.4180455 37.7852226, -122.4180448 37.7852228, -122.4180441 37.7852229, -122.4180434 37.785223, -122.4180427 37.7852232, -122.418042 37.7852233, -122.4180413 37.7852235, -122.4180406 37.7852236, -122.4180399 37.7852238, -122.4180392 37.785224, -122.4180385 37.7852242, -122.4180378 37.7852244, -122.4180372 37.7852246, -122.4180365 37.7852249, -122.4180358 37.7852251, -122.4180352 37.7852254, -122.4180345 37.7852256, -122.4180339 37.7852259, -122.4180333 37.7852261, -122.4180326 37.7852264, -122.418032 37.7852267, -122.4180314 37.785227, -122.4180308 37.7852273, -122.4180302 37.7852276, -122.4180296 37.785228, -122.418029 37.7852283, -122.4180284 37.7852286, -122.4180278 37.785229, -122.4180273 37.7852293, -122.4180267 37.7852297, -122.4180261 37.7852301, -122.4180256 37.7852305, -122.4180251 37.7852308, -122.4180245 37.7852312, -122.418024 37.7852316, -122.4180235 37.7852321, -122.418023 37.7852325, -122.4180225 37.7852329, -122.418022 37.7852333, -122.4180216 37.7852338, -122.4180211 37.7852342, -122.4180206 37.7852347, -122.4180202 37.7852351, -122.4180198 37.7852356, -122.4180193 37.785236, -122.4180189 37.7852365, -122.4180185 37.785237, -122.4180181 37.7852375, -122.4180178 37.785238, -122.4180174 37.7852385, -122.418017 37.785239, -122.4180167 37.7852395, -122.4180163 37.78524, -122.418016 37.7852405, -122.4180157 37.785241, -122.4180154 37.7852415, -122.4180151 37.7852421, -122.4180148 37.7852426, -122.4180146 37.7852431, -122.4180143 37.7852437, -122.4180141 37.7852442, -122.4180138 37.7852447, -122.4180136 37.7852453, -122.4180134 37.7852458, -122.4180132 37.7852464, -122.418013 37.785247, -122.4180129 37.7852475, -122.4180127 37.7852481, -122.4180126 37.7852486, -122.4180124 37.7852492, -122.4180123 37.7852498, -122.4180122 37.7852503, -122.4180121 37.7852509, -122.418012 37.7852515, -122.4180119 37.7852521, -122.4180119 37.7852526, -122.4180118 37.7852532, -122.4180118 37.7852538, -122.4180118 37.7852543, -122.4180118 37.7852549, -122.4180118 37.7852555, -122.4180118 37.7852561, -122.4180118 37.7852566, -122.4180119 37.7852572, -122.4180119 37.7852578, -122.418012 37.7852584, -122.4180121 37.7852589, -122.4180122 37.7852595, -122.4180123 37.7852601, -122.4180748 37.7855787, -122.4180748 37.7855788, -122.4180749 37.7855794, -122.4180751 37.7855799, -122.4180752 37.7855805, -122.4180754 37.7855811, -122.4180756 37.7855816, -122.4180757 37.7855822, -122.4180759 37.7855827, -122.4180761 37.7855833, -122.4180764 37.7855838, -122.4180766 37.7855844, -122.4180768 37.7855849, -122.4180771 37.7855855, -122.4180774 37.785586, -122.4180776 37.7855865, -122.4180779 37.785587, -122.4180782 37.7855876, -122.4180785 37.7855881, -122.4180789 37.7855886, -122.4180792 37.7855891, -122.4180795 37.7855896, -122.4180799 37.7855901, -122.4180803 37.7855906, -122.4180807 37.7855911, -122.418081 37.7855916, -122.4180814 37.7855921, -122.4180819 37.7855925, -122.4180823 37.785593, -122.4180827 37.7855935, -122.4180832 37.7855939, -122.4180836 37.7855944, -122.4180841 37.7855948, -122.4180845 37.7855953, -122.418085 37.7855957, -122.4180855 37.7855961, -122.418086 37.7855965, -122.4180865 37.7855969, -122.418087 37.7855973, -122.4180876 37.7855977, -122.4180881 37.7855981, -122.4180886 37.7855985, -122.4180892 37.7855989, -122.4180898 37.7855992, -122.4180903 37.7855996, -122.4180909 37.7855999, -122.4180915 37.7856003, -122.4180921 37.7856006, -122.4180927 37.7856009, -122.4180933 37.7856013, -122.4180939 37.7856016, -122.4180945 37.7856019, -122.4180951 37.7856022, -122.4180958 37.7856024, -122.4180964 37.7856027, -122.418097 37.785603, -122.4180977 37.7856032, -122.4180984 37.7856035, -122.418099 37.7856037, -122.4180997 37.7856039, -122.4181003 37.7856042, -122.418101 37.7856044, -122.4181017 37.7856046, -122.4181024 37.7856048, -122.4181031 37.7856049, -122.4181038 37.7856051, -122.4181045 37.7856053, -122.4181052 37.7856054, -122.4181059 37.7856056, -122.4181066 37.7856057, -122.4181073 37.7856058, -122.418108 37.7856059, -122.4181087 37.785606, -122.4181094 37.7856061, -122.4181101 37.7856062, -122.4181109 37.7856063, -122.4181116 37.7856064, -122.4181123 37.7856064, -122.418113 37.7856065, -122.4181137 37.7856065, -122.4181145 37.7856065, -122.4181152 37.7856065, -122.4181159 37.7856065, -122.4181166 37.7856065, -122.4181174 37.7856065, -122.4181181 37.7856065, -122.4181188 37.7856065, -122.4181195 37.7856064, -122.4181202 37.7856064, -122.418121 37.7856063, -122.4181217 37.7856062, -122.4181224 37.7856061, -122.4183751 37.785574, -122.4183713 37.785555, -122.4183061 37.7852228, -122.4182998 37.7851903, -122.4180467 37.7852225)))",04/22/2023 12:01:41 AM,04/22/2023 12:01:41 AM
Seward Mini Park,-122.44005228,37.75762035,0.41638849,73,18137.88135014,701.96739817,Mini Park,Seward & Acme,San Francisco,CA,94114,Buena Vista Complex,PSA5,8,Recreation & Park,126.0,11th Senatorial District,Eureka Valley,Mission,12th Congressional District,Eureka Valley / Dolores Heights,17th Assembly District,Castro/Upper Market,"MULTIPOLYGON (((-122.4397127 37.7578871, -122.4396683 37.7579467, -122.4398011 37.7579958, -122.4398508 37.7579428, -122.4400732 37.7577047, -122.4401106 37.7577298, -122.4404315 37.7574853, -122.4404519 37.7574698, -122.4404502 37.7574678, -122.4404485 37.7574658, -122.4404467 37.7574639, -122.4404449 37.757462, -122.440443 37.7574601, -122.4404411 37.7574582, -122.4404392 37.7574564, -122.4404372 37.7574546, -122.4404352 37.7574528, -122.4404331 37.7574511, -122.440431 37.7574493, -122.4404289 37.7574476, -122.4404267 37.757446, -122.4404245 37.7574443, -122.4404222 37.7574427, -122.44042 37.7574412, -122.4404177 37.7574396, -122.4404153 37.7574381, -122.4404151 37.757438, -122.4402071 37.7573072, -122.4402042 37.7573054, -122.4402013 37.7573037, -122.4401984 37.757302, -122.4401969 37.7573012, -122.4401812 37.7573189, -122.4400124 37.7575088, -122.4399258 37.7576062, -122.4399021 37.7576329, -122.4397127 37.7578871)))",04/22/2023 12:01:41 AM,04/22/2023 12:01:41 AM
Selby & Palou Mini Park,-122.40038108,37.73886799,0.42033425,157,18309.76669413,617.12603912,Mini Park,Palou & Selby,San Francisco,CA,94124,Bayview/Palega Complex,PSA3,10,Public Works,557.0,11th Senatorial District,Silver Terrace,Bayview,12th Congressional District,Silver Terrace,17th Assembly District,Bayview,"MULTIPOLYGON (((-122.4004799 37.7385967, -122.4000765 37.7390429, -122.4000462 37.7390764, -122.4002223 37.7391761, -122.400223 37.7391766, -122.4002238 37.739177, -122.4002245 37.7391773, -122.4002253 37.7391777, -122.4002261 37.7391781, -122.4002269 37.7391785, -122.4002277 37.7391788, -122.4002285 37.7391791, -122.4002293 37.7391795, -122.4002301 37.7391798, -122.4002309 37.7391801, -122.4002317 37.7391804, -122.4002326 37.7391807, -122.4002334 37.7391809, -122.4002342 37.7391812, -122.4002351 37.7391814, -122.400236 37.7391817, -122.4002368 37.7391819, -122.4002377 37.7391821, -122.4002386 37.7391823, -122.4002394 37.7391825, -122.4002403 37.7391827, -122.4002412 37.7391828, -122.4002421 37.739183, -122.400243 37.7391831, -122.4002439 37.7391832, -122.4002447 37.7391833, -122.4002456 37.7391834, -122.4002465 37.7391835, -122.4002474 37.7391836, -122.4002483 37.7391837, -122.4002492 37.7391837, -122.4002501 37.7391838, -122.4002511 37.7391838, -122.400252 37.7391838, -122.4002529 37.7391838, -122.4002538 37.7391838, -122.4002547 37.7391838, -122.4002556 37.7391837, -122.4002565 37.7391837, -122.4002574 37.7391836, -122.4002583 37.7391835, -122.4002592 37.7391834, -122.4002601 37.7391833, -122.400261 37.7391832, -122.4002619 37.7391831, -122.4002628 37.739183, -122.4002636 37.7391828, -122.4002645 37.7391827, -122.4002654 37.7391825, -122.4002663 37.7391823, -122.4002671 37.7391821, -122.400268 37.7391819, -122.4002689 37.7391817, -122.4002697 37.7391814, -122.4002706 37.7391812, -122.4002714 37.7391809, -122.4002723 37.7391807, -122.4002731 37.7391804, -122.4002739 37.7391801, -122.4002747 37.7391798, -122.4002756 37.7391795, -122.4002764 37.7391791, -122.4002772 37.7391788, -122.400278 37.7391785, -122.4002787 37.7391781, -122.4002795 37.7391777, -122.4002803 37.7391773, -122.400281 37.739177, -122.4002818 37.7391766, -122.4002825 37.7391761, -122.4002833 37.7391757, -122.400284 37.7391753, -122.4002847 37.7391748, -122.4002854 37.7391744, -122.4002861 37.7391739, -122.4002868 37.7391735, -122.4002875 37.739173, -122.4002881 37.7391725, -122.4002888 37.739172, -122.4002894 37.7391715, -122.40029 37.739171, -122.4002907 37.7391704, -122.4002913 37.7391699, -122.4002919 37.7391694, -122.4002924 37.7391688, -122.400293 37.7391682, -122.4002936 37.7391677, -122.4002941 37.7391671, -122.4002946 37.7391666, -122.4007131 37.7387037, -122.4007136 37.7387031, -122.4007141 37.7387025, -122.4007146 37.7387019, -122.4007151 37.7387013, -122.4007156 37.7387007, -122.400716 37.7387001, -122.4007165 37.7386995, -122.4007169 37.7386988, -122.4007173 37.7386982, -122.4007177 37.7386975, -122.4007181 37.7386969, -122.4007185 37.7386962, -122.4007188 37.7386956, -122.4007192 37.7386949, -122.4007195 37.7386942, -122.4007198 37.7386936, -122.4007201 37.7386929, -122.4007204 37.7386922, -122.4007206 37.7386915, -122.4007209 37.7386908, -122.4007211 37.7386901, -122.4007213 37.7386894, -122.4007216 37.7386887, -122.4007217 37.738688, -122.4007219 37.7386873, -122.4007221 37.7386866, -122.4007222 37.7386859, -122.4007224 37.7386852, -122.4007225 37.7386845, -122.4007226 37.7386838, -122.4007226 37.7386831, -122.4007227 37.7386823, -122.4007228 37.7386816, -122.4007228 37.7386809, -122.4007228 37.7386802, -122.4007228 37.7386795, -122.4007228 37.7386787, -122.4007228 37.738678, -122.4007227 37.7386773, -122.4007227 37.7386766, -122.4007226 37.7386759, -122.4007225 37.7386752, -122.4007224 37.7386744, -122.4007223 37.7386737, -122.4007221 37.738673, -122.400722 37.7386723, -122.4007218 37.7386716, -122.4007216 37.7386709, -122.4007214 37.7386702, -122.4007212 37.7386695, -122.400721 37.7386688, -122.4007207 37.7386681, -122.4007205 37.7386674, -122.4007202 37.7386667, -122.4007199 37.7386661, -122.4007196 37.7386654, -122.4007193 37.7386647, -122.4007189 37.7386641, -122.4007186 37.7386634, -122.4007182 37.7386627, -122.4007178 37.7386621, -122.4007174 37.7386614, -122.400717 37.7386608, -122.4007166 37.7386602, -122.4007162 37.7386595, -122.4007157 37.7386589, -122.4007153 37.7386583, -122.4007148 37.7386577, -122.4007143 37.7386571, -122.4007138 37.7386565, -122.4007133 37.7386559, -122.4007127 37.7386553, -122.4007122 37.7386547, -122.4007116 37.7386542, -122.4007111 37.7386536, -122.4007105 37.738653, -122.4007099 37.7386525, -122.4007093 37.738652, -122.4007087 37.7386514, -122.4007081 37.7386509, -122.4007074 37.7386504, -122.4007068 37.7386499, -122.4007061 37.7386494, -122.4007054 37.7386489, -122.4007048 37.7386485, -122.4007041 37.738648, -122.4007034 37.7386475, -122.4007027 37.7386471, -122.4007019 37.7386467, -122.4007012 37.7386462, -122.4007011 37.7386462, -122.4005252 37.7385466, -122.4004799 37.7385967)))",04/22/2023 12:01:41 AM,04/22/2023 12:01:41 AM
Saturn Street Steps,-122.44050622,37.7627227,0.21455204,79,9345.88668446,445.76580893,Mini Park,Saturn & Ord,San Francisco,CA,94114,Buena Vista Complex,PSA5,8,Recreation & Park,133.0,11th Senatorial District,Corona Heights,Park,12th Congressional District,Corona Heights,17th Assembly District,Castro/Upper Market,"MULTIPOLYGON (((-122.4407551 37.7626367, -122.440746 37.7626372, -122.4403947 37.7626579, -122.4403676 37.7626595, -122.4403307 37.7626617, -122.4402241 37.7626682, -122.440239 37.7628216, -122.4403456 37.762815, -122.4408147 37.7627874, -122.4408081 37.7627189, -122.4408005 37.7626408, -122.4407999 37.762634, -122.4407551 37.7626367)))",04/22/2023 12:01:41 AM,04/22/2023 12:01:41 AM
Randolph & Bright Mini Park,-122.4636678,37.71449646,0.13031002,16,5676.30457314,300.05439328,Mini Park,Randolph & Bright,San Francisco,CA,94132,Lake Merced Complex,PSA4,11,Recreation & Park,33.0,11th Senatorial District,Merced Heights,Taraval,14th Congressional District,Ingleside Heights,19th Assembly District,Ocean View,"MULTIPOLYGON (((-122.4636057 37.714382, -122.463605 37.714382, -122.4636042 37.714382, -122.4636035 37.7143821, -122.4636028 37.7143822, -122.4636021 37.7143822, -122.4636014 37.7143823, -122.4636007 37.7143824, -122.4635999 37.7143825, -122.4635992 37.7143826, -122.4635985 37.7143827, -122.4635978 37.7143829, -122.4635971 37.714383, -122.4635964 37.7143831, -122.4635957 37.7143833, -122.463595 37.7143835, -122.4635943 37.7143837, -122.4635937 37.7143838, -122.463593 37.714384, -122.4635923 37.7143842, -122.4635916 37.7143845, -122.463591 37.7143847, -122.4635903 37.7143849, -122.4635896 37.7143852, -122.463589 37.7143854, -122.4635883 37.7143857, -122.4635877 37.7143859, -122.4635871 37.7143862, -122.4635864 37.7143865, -122.4635858 37.7143868, -122.4635852 37.7143871, -122.4635846 37.7143874, -122.463584 37.7143878, -122.4635834 37.7143881, -122.4635828 37.7143884, -122.4635822 37.7143888, -122.4635817 37.7143891, -122.4635811 37.7143895, -122.4635806 37.7143899, -122.46358 37.7143902, -122.4635795 37.7143906, -122.4635789 37.714391, -122.4635784 37.7143914, -122.4635779 37.7143918, -122.4635774 37.7143922, -122.4635769 37.7143927, -122.4635764 37.7143931, -122.463576 37.7143935, -122.4635755 37.714394, -122.463575 37.7143944, -122.4635746 37.7143949, -122.4635742 37.7143953, -122.4635737 37.7143958, -122.4635733 37.7143963, -122.4635729 37.7143967, -122.4635725 37.7143972, -122.4635721 37.7143977, -122.4635718 37.7143982, -122.4635714 37.7143987, -122.4635711 37.7143992, -122.4635707 37.7143997, -122.4635704 37.7144002, -122.4635701 37.7144007, -122.4635698 37.7144013, -122.4635695 37.7144018, -122.4635692 37.7144023, -122.4635689 37.7144028, -122.4635687 37.7144034, -122.4635684 37.7144039, -122.4635682 37.7144045, -122.4635679 37.714405, -122.4635677 37.7144056, -122.4635675 37.7144061, -122.4635674 37.7144067, -122.4635672 37.7144072, -122.463567 37.7144078, -122.4635669 37.7144083, -122.4635667 37.7144089, -122.4635666 37.7144095, -122.4635665 37.71441, -122.4635664 37.7144106, -122.4635663 37.7144112, -122.4635662 37.7144118, -122.4635662 37.7144123, -122.4635661 37.7144129, -122.4635661 37.7144135, -122.463566 37.7144141, -122.463566 37.7144146, -122.463566 37.7144152, -122.4635684 37.7146212, -122.4636203 37.7146208, -122.4637087 37.7146201, -122.4637951 37.7146195, -122.4637929 37.7144135, -122.4637925 37.7143805, -122.4636071 37.7143819, -122.4636064 37.714382, -122.4636057 37.714382)))",04/22/2023 12:01:41 AM,04/22/2023 12:01:41 AM
Prentiss Mini Park,-122.41188431,37.74021831,0.06866822,201,2991.18951032,231.26137256,Mini Park,Prentiss & Eugenia,San Francisco,CA,94110,Bernal/St. Mary's Complex,PSA6,9,Recreation & Park,4200000012.0,11th Senatorial District,Bernal Heights,Ingleside,12th Congressional District,Bernal Heights,17th Assembly District,Bernal Heights,"MULTIPOLYGON (((-122.4117618 37.7402617, -122.4117611 37.7402704, -122.4120254 37.7402833, -122.4120338 37.740176, -122.4117728 37.7401636, -122.4117695 37.7401635, -122.4117618 37.7402617)))",04/22/2023 12:01:41 AM,04/22/2023 12:01:41 AM
Page & Laguna Mini Park,-122.42525001,37.77347224,0.1791796,114,7805.06197446,393.82089327,Mini Park,Page & Laguna Streets,San Francisco,CA,94102,Western Addition Complex,PSA2,5,Recreation & Park,215.0,11th Senatorial District,Lower Haight,Northern,12th Congressional District,Hayes Valley,17th Assembly District,Western Addition,"MULTIPOLYGON (((-122.4251303 37.7732968, -122.4251342 37.7733158, -122.425166 37.7734728, -122.4251691 37.7734886, -122.4252 37.7736409, -122.4252082 37.7736816, -122.4253961 37.7736577, -122.4253879 37.773617, -122.4253221 37.7732919, -122.4253182 37.7732729, -122.4251303 37.7732968)))",04/22/2023 12:01:41 AM,04/22/2023 12:01:41 AM
Muriel Leff Mini Park,-122.46503388,37.78006349,0.23787977,155,10362.04196267,408.50032032,Mini Park,7th Avenue between Geary & Anza,San Francisco,CA,94118,Richmond Complex,PSA1,1,Police,354.0,11th Senatorial District,Inner Richmond,Richmond,12th Congressional District,Inner Richmond,19th Assembly District,Inner Richmond,"MULTIPOLYGON (((-122.4651739 37.7799319, -122.4651532 37.7799328, -122.4649907 37.7799405, -122.4648473 37.7799472, -122.4648552 37.7800344, -122.4648618 37.7801057, -122.4648648 37.7801382, -122.4648684 37.7801909, -122.4648681 37.7801909, -122.4648695 37.7802076, -122.4650186 37.7802009, -122.4651668 37.7801942, -122.4651928 37.780193, -122.4652446 37.7801907, -122.4652257 37.7799294, -122.4651739 37.7799319)))",04/22/2023 12:01:41 AM,04/22/2023 12:01:41 AM
10th Ave & Clement Mini Park,-122.46809906,37.78184398,0.93228236,156,40610.22003279,841.97176911,Mini Park,351 Ninth Avenue,San Francisco,CA,94118,Richmond Complex,PSA1,1,Public Library,483.0,11th Senatorial District,Inner Richmond,Richmond,12th Congressional District,Inner Richmond,19th Assembly District,Inner Richmond,"MULTIPOLYGON (((-122.4685144 37.7816249, -122.4676808 37.7816626, -122.4676289 37.7816649, -122.4676587 37.7820757, -122.4677105 37.7820733, -122.468544 37.782035, -122.4685959 37.7820326, -122.4685662 37.7816226, -122.4685144 37.7816249)))",04/22/2023 12:01:41 AM,04/22/2023 12:01:41 AM
15th Avenue Steps,-122.47205347,37.75957086,0.25900271,185,11282.1578698,640.07540428,Mini Park,15th Avenue from Kirkham to Lawton,San Francisco,CA,94122,Stern Grove Complex,PSA4,7,Recreation & Park,3628.0,11th Senatorial District,Golden Gate Heights,Taraval,12th Congressional District,Inner Sunset,19th Assembly District,Inner Sunset,"MULTIPOLYGON (((-122.4719166 37.7594921, -122.4718477 37.7594954, -122.4718536 37.759586, -122.4718568 37.7596359, -122.4718648 37.7596757, -122.4719901 37.75967, -122.4720822 37.7596658, -122.472173 37.7596617, -122.4722763 37.759657, -122.4722701 37.7595683, -122.4722636 37.7594758, -122.4719166 37.7594921)), ((-122.4725831 37.7595543, -122.4724082 37.759562, -122.4724146 37.7596525, -122.4725544 37.7596463, -122.4726943 37.7596402, -122.4727643 37.7596371, -122.4727579 37.7595466, -122.4725831 37.7595543)))",04/22/2023 12:01:41 AM,04/22/2023 12:01:41 AM
Alioto Mini Park,-122.41820146,37.75888428,0.21150846,62,9213.30833645,382.48779792,Mini Park,20th & Capp Streets,San Francisco,CA,94110,Mission Complex,PSA6,9,Recreation & Park,111.0,11th Senatorial District,Mission,Mission,12th Congressional District,Inner Mission,17th Assembly District,Mission,"MULTIPOLYGON (((-122.4183423 37.7587281, -122.4181065 37.7587423, -122.4180967 37.7587437, -122.4180891 37.7587459, -122.4180812 37.7587494, -122.4180742 37.7587539, -122.4180678 37.75876, -122.4180637 37.7587656, -122.4180608 37.7587716, -122.4180593 37.7587765, -122.4180586 37.7587815, -122.4180587 37.7587865, -122.4180837 37.7590473, -122.4183746 37.7590322, -122.4183477 37.7587862, -122.4183423 37.7587281)))",04/22/2023 12:01:41 AM,04/22/2023 12:01:41 AM
Bush & Broderick Mini Park,-122.4425376,37.78559204,0.19532644,108,8508.42024826,410.50344773,Mini Park,Baker & Bush Streets,San Francisco,CA,94115,Western Addition Complex,PSA2,2,Recreation & Park,203.0,11th Senatorial District,Lower Pacific Heights,Richmond,12th Congressional District,Lower Pacific Heights,19th Assembly District,Western Addition,"MULTIPOLYGON (((-122.4426907 37.7857839, -122.4426787 37.7857295, -122.4426691 37.7856818, -122.4426492 37.7855836, -122.4426462 37.7855691, -122.4426089 37.7853844, -122.4425551 37.7853912, -122.4425149 37.7853963, -122.4424373 37.7854062, -122.4424124 37.7854093, -122.4424919 37.7858092, -122.4426907 37.7857839)))",04/22/2023 12:01:41 AM,04/22/2023 12:01:41 AM
Coleridge Mini Park,-122.41964242,37.74441301,0.23005929,34,10021.38288548,451.90885548,Mini Park,Coleridge & Esmeralda Streets,San Francisco,CA,94110,Bernal/St. Mary's Complex,PSA6,9,Recreation & Park,68.0,11th Senatorial District,Bernal Heights,Ingleside,12th Congressional District,Bernal Heights,17th Assembly District,Bernal Heights,"MULTIPOLYGON (((-122.4193529 37.7443906, -122.4198442 37.7445862, -122.4198642 37.7445942, -122.4199116 37.7445209, -122.4199589 37.7444476, -122.41945 37.744241, -122.4193529 37.7443906)))",04/22/2023 12:01:41 AM,04/22/2023 12:01:41 AM
Cottage Row Mini Park,-122.43230784,37.78655971,0.17139365,127,7465.90525635,678.56436143,Mini Park,Sutter & Fillmore Streets,San Francisco,CA,94115,Western Addition Complex,PSA2,5,Recreation & Park,231.0,11th Senatorial District,Japantown,Northern,12th Congressional District,Lower Pacific Heights,17th Assembly District,Western Addition,"MULTIPOLYGON (((-122.4322042 37.78629, -122.4322533 37.7865257, -122.4322542 37.7865256, -122.4322891 37.7866947, -122.4322891 37.7866948, -122.43232 37.7868516, -122.432319 37.7868517, -122.4323616 37.7870635, -122.4323678 37.787099, -122.4324034 37.7870944, -122.4323216 37.7866909, -122.432424 37.7866779, -122.4323722 37.7864202, -122.4323442 37.7862722, -122.4322042 37.78629)))",04/22/2023 12:01:41 AM,04/22/2023 12:01:41 AM
Golden Gate & Steiner Mini Park,-122.43347384,37.77956704,0.11505386,120,5011.74213981,287.56231572,Mini Park,Golden Gate & Steiner,San Francisco,CA,94115,Western Addition Complex,PSA2,5,Recreation & Park,223.0,11th Senatorial District,Western Addition,Northern,12th Congressional District,Western Addition,17th Assembly District,Western Addition,"MULTIPOLYGON (((-122.4335114 37.7794402, -122.4335105 37.7794402, -122.4335096 37.7794402, -122.4335087 37.7794403, -122.4335078 37.7794404, -122.4335069 37.7794404, -122.433506 37.7794405, -122.4335051 37.7794406, -122.4333684 37.7794581, -122.4333739 37.7794852, -122.4334189 37.7797075, -122.4334987 37.7796974, -122.4335556 37.7796901, -122.4336068 37.7796836, -122.4335646 37.7794748, -122.4335644 37.7794741, -122.4335642 37.7794734, -122.4335641 37.7794727, -122.4335639 37.779472, -122.4335636 37.7794713, -122.4335634 37.7794706, -122.4335632 37.7794699, -122.4335629 37.7794692, -122.4335626 37.7794685, -122.4335624 37.7794678, -122.433562 37.7794671, -122.4335617 37.7794665, -122.4335614 37.7794658, -122.433561 37.7794651, -122.4335607 37.7794645, -122.4335603 37.7794638, -122.4335599 37.7794632, -122.4335595 37.7794625, -122.4335591 37.7794619, -122.4335587 37.7794613, -122.4335582 37.7794606, -122.4335577 37.77946, -122.4335573 37.7794594, -122.4335568 37.7794588, -122.4335563 37.7794582, -122.4335558 37.7794576, -122.4335552 37.779457, -122.4335547 37.7794565, -122.4335541 37.7794559, -122.4335536 37.7794553, -122.433553 37.7794548, -122.4335524 37.7794542, -122.4335518 37.7794537, -122.4335512 37.7794532, -122.4335506 37.7794526, -122.4335499 37.7794521, -122.4335493 37.7794516, -122.4335486 37.7794511, -122.433548 37.7794506, -122.4335473 37.7794502, -122.4335466 37.7794497, -122.4335459 37.7794492, -122.4335452 37.7794488, -122.4335445 37.7794484, -122.4335437 37.7794479, -122.433543 37.7794475, -122.4335422 37.7794471, -122.4335415 37.7794467, -122.4335407 37.7794463, -122.4335399 37.779446, -122.4335392 37.7794456, -122.4335384 37.7794452, -122.4335376 37.7794449, -122.4335368 37.7794446, -122.433536 37.7794443, -122.4335351 37.7794439, -122.4335343 37.7794436, -122.4335335 37.7794434, -122.4335327 37.7794431, -122.4335318 37.7794428, -122.433531 37.7794426, -122.4335301 37.7794423, -122.4335292 37.7794421, -122.4335284 37.7794419, -122.4335275 37.7794417, -122.4335266 37.7794415, -122.4335258 37.7794413, -122.4335249 37.7794412, -122.433524 37.779441, -122.4335231 37.7794409, -122.4335222 37.7794407, -122.4335213 37.7794406, -122.4335204 37.7794405, -122.4335195 37.7794404, -122.4335186 37.7794403, -122.4335177 37.7794403, -122.4335168 37.7794402, -122.4335159 37.7794402, -122.433515 37.7794401, -122.4335141 37.7794401, -122.4335132 37.7794401, -122.4335123 37.7794401, -122.4335114 37.7794402)))",04/22/2023 12:01:41 AM,04/22/2023 12:01:41 AM
Hyde & Vallejo Mini Park,-122.41907875,37.79763931,0.1127942,146,4913.31612371,376.1107957,Mini Park,Hyde & Vallejo Streets,San Francisco,CA,94109,North Beach Complex,PSA1,3,Recreation & Park,259.0,11th Senatorial District,Russian Hill,Central,12th Congressional District,Russian Hill,17th Assembly District,Russian Hill,"MULTIPOLYGON (((-122.4188158 37.7976382, -122.4188328 37.7977228, -122.4193537 37.7976555, -122.4193415 37.7975947, -122.4193347 37.7975608, -122.4192527 37.7975712, -122.419145 37.7975849, -122.4191478 37.7975984, -122.4188158 37.7976382)))",04/22/2023 12:01:41 AM,04/22/2023 12:01:41 AM
Ina Coolbrith Park,-122.4133998,37.79818891,0.93506584,145,40731.46721176,942.3010585,Mini Park,Vallejo & Taylor,San Francisco,CA,94133,North Beach Complex,PSA1,3,Recreation & Park,258.0,11th Senatorial District,Russian Hill,Central,12th Congressional District,Russian Hill,17th Assembly District,Russian Hill,"MULTIPOLYGON (((-122.412883 37.7981678, -122.4129628 37.7981577, -122.413038 37.7981482, -122.4131884 37.7981293, -122.4132653 37.7985058, -122.4138094 37.7985448, -122.4136742 37.7978784, -122.4131523 37.7979443, -122.412846 37.797983, -122.412883 37.7981678)))",04/22/2023 12:01:41 AM,04/22/2023 12:01:41 AM
Kelloch & Velasco Mini Park,-122.41314299,37.70853427,1.95872069,26,85321.87107579,1243.50115159,Mini Park,Kelloch & Velasco Streets,San Francisco,CA,94134,Bayview/Palega Complex,PSA3,10,Recreation & Park,52.0,11th Senatorial District,Visitacion Valley,Ingleside,12th Congressional District,Visitacion Valley,17th Assembly District,Visitacion Valley,"MULTIPOLYGON (((-122.4125847 37.7080945, -122.4125814 37.7080948, -122.4125771 37.7080951, -122.4125733 37.708096, -122.4125701 37.7080968, -122.4125671 37.7080976, -122.4125652 37.7080984, -122.4125635 37.7080992, -122.4125614 37.7081002, -122.4125585 37.7081013, -122.4125561 37.7081032, -122.4125538 37.7081052, -122.4125516 37.7081078, -122.4125505 37.708109, -122.4125496 37.7081102, -122.4125484 37.7081121, -122.4125476 37.7081138, -122.4125456 37.7081184, -122.4125418 37.7081262, -122.41245 37.7083335, -122.4123478 37.7085637, -122.4123475 37.7085642, -122.4123473 37.7085648, -122.4123471 37.7085653, -122.4123469 37.7085659, -122.4123467 37.7085664, -122.4123466 37.708567, -122.4123464 37.7085676, -122.4123462 37.7085681, -122.4123461 37.7085687, -122.412346 37.7085693, -122.4123459 37.7085698, -122.4123458 37.7085704, -122.4123457 37.708571, -122.4123456 37.7085715, -122.4123456 37.7085721, -122.4123455 37.7085727, -122.4123455 37.7085733, -122.4123454 37.7085738, -122.4123454 37.7085744, -122.4123454 37.708575, -122.4123455 37.7085756, -122.4123455 37.7085761, -122.4123455 37.7085767, -122.4123456 37.7085773, -122.4123456 37.7085779, -122.4123457 37.7085784, -122.4123458 37.708579, -122.4123459 37.7085796, -122.412346 37.7085801, -122.4123461 37.7085807, -122.4123463 37.7085813, -122.4123464 37.7085818, -122.4123466 37.7085824, -122.4123468 37.708583, -122.412347 37.7085835, -122.4123472 37.7085841, -122.4123474 37.7085846, -122.4123476 37.7085852, -122.4123478 37.7085857, -122.4123481 37.7085862, -122.4123484 37.7085868, -122.4123486 37.7085873, -122.4123489 37.7085878, -122.4123492 37.7085884, -122.4123495 37.7085889, -122.4123498 37.7085894, -122.4123502 37.7085899, -122.4123505 37.7085904, -122.4123509 37.7085909, -122.4123512 37.7085914, -122.4123516 37.7085919, -122.412352 37.7085924, -122.4123524 37.7085929, -122.4123528 37.7085934, -122.4123532 37.7085938, -122.4123536 37.7085943, -122.4123541 37.7085948, -122.4123545 37.7085952, -122.412355 37.7085956, -122.4123554 37.7085961, -122.4123559 37.7085965, -122.4123564 37.7085969, -122.4123569 37.7085974, -122.4123574 37.7085978, -122.4123579 37.7085982, -122.4123584 37.7085986, -122.412359 37.708599, -122.4123595 37.7085994, -122.41236 37.7085997, -122.4123606 37.7086001, -122.4123612 37.7086005, -122.4123617 37.7086008, -122.4123623 37.7086012, -122.4123629 37.7086015, -122.4123635 37.7086018, -122.4123641 37.7086022, -122.4123647 37.7086025, -122.4123653 37.7086028, -122.4123659 37.7086031, -122.4123666 37.7086034, -122.4123672 37.7086036, -122.4123678 37.7086039, -122.4123685 37.7086042, -122.4123691 37.7086044, -122.4123698 37.7086046, -122.4123705 37.7086049, -122.4123711 37.7086051, -122.4123718 37.7086053, -122.4123725 37.7086055, -122.4123732 37.7086057, -122.4137169 37.7089812, -122.4137175 37.7089813, -122.4137182 37.7089815, -122.4137189 37.7089817, -122.4137196 37.7089818, -122.4137203 37.708982, -122.413721 37.7089821, -122.4137217 37.7089822, -122.4137224 37.7089824, -122.4137231 37.7089825, -122.4137238 37.7089826, -122.4137246 37.7089827, -122.4137253 37.7089827, -122.413726 37.7089828, -122.4137267 37.7089829, -122.4137274 37.7089829, -122.4137282 37.708983, -122.4137289 37.708983, -122.4137296 37.708983, -122.4137303 37.708983, -122.4137311 37.708983, -122.4137318 37.708983, -122.4137325 37.708983, -122.4137332 37.708983, -122.4137339 37.7089829, -122.4137347 37.7089829, -122.4137354 37.7089828, -122.4137361 37.7089827, -122.4137368 37.7089827, -122.4137375 37.7089826, -122.4137382 37.7089825, -122.413739 37.7089824, -122.4137397 37.7089822, -122.4137404 37.7089821, -122.4137411 37.708982, -122.4137418 37.7089818, -122.4137425 37.7089817, -122.4137432 37.7089815, -122.4137439 37.7089813, -122.4137445 37.7089811, -122.4137452 37.7089809, -122.4137459 37.7089807, -122.4137466 37.7089805, -122.4137472 37.7089803, -122.4137479 37.70898, -122.4137485 37.7089798, -122.4137492 37.7089795, -122.4137498 37.7089793, -122.4137505 37.708979, -122.4137511 37.7089787, -122.4137517 37.7089784, -122.4137524 37.7089781, -122.413753 37.7089778, -122.4137536 37.7089775, -122.4137542 37.7089772, -122.4137548 37.7089769, -122.4137554 37.7089765, -122.4137559 37.7089762, -122.4137565 37.7089758, -122.4137571 37.7089755, -122.4137576 37.7089751, -122.4137582 37.7089747, -122.4137587 37.7089743, -122.4137592 37.7089739, -122.4137598 37.7089735, -122.4137603 37.7089731, -122.4137608 37.7089727, -122.4137613 37.7089723, -122.4137617 37.7089719, -122.4137622 37.7089714, -122.4137627 37.708971, -122.4137631 37.7089705, -122.4137636 37.7089701, -122.413764 37.7089696, -122.4137644 37.7089692, -122.4137649 37.7089687, -122.4137653 37.7089682, -122.4137657 37.7089677, -122.413766 37.7089673, -122.4137664 37.7089668, -122.4137668 37.7089663, -122.4137671 37.7089658, -122.4137675 37.7089652, -122.4137678 37.7089647, -122.4137681 37.7089642, -122.4137684 37.7089637, -122.4137687 37.7089632, -122.413769 37.7089626, -122.4137693 37.7089621, -122.4137695 37.7089616, -122.4137698 37.708961, -122.4139665 37.7085179, -122.4139668 37.7085174, -122.413967 37.7085169, -122.4139672 37.7085163, -122.4139674 37.7085158, -122.4139676 37.7085152, -122.4139678 37.7085147, -122.4139679 37.7085141, -122.4139681 37.7085135, -122.4139682 37.708513, -122.4139683 37.7085124, -122.4139684 37.7085118, -122.4139685 37.7085113, -122.4139686 37.7085107, -122.4139687 37.7085101, -122.4139688 37.7085095, -122.4139688 37.708509, -122.4139689 37.7085084, -122.4139689 37.7085078, -122.4139689 37.7085073, -122.4139689 37.7085067, -122.4139689 37.7085061, -122.4139689 37.7085055, -122.4139688 37.708505, -122.4139688 37.7085044, -122.4139687 37.7085038, -122.4139686 37.7085032, -122.4139685 37.7085027, -122.4139684 37.7085021, -122.4139683 37.7085015, -122.4139682 37.708501, -122.4139681 37.7085004, -122.4139679 37.7084998, -122.4139678 37.7084993, -122.4139676 37.7084987, -122.4139674 37.7084982, -122.4139672 37.7084976, -122.413967 37.7084971, -122.4139668 37.7084965, -122.4139665 37.708496, -122.4139663 37.7084954, -122.413966 37.7084949, -122.4139657 37.7084944, -122.4139655 37.7084938, -122.4139652 37.7084933, -122.4139649 37.7084928, -122.4139645 37.7084923, -122.4139642 37.7084917, -122.4139639 37.7084912, -122.4139635 37.7084907, -122.4139632 37.7084902, -122.4139628 37.7084897, -122.4139624 37.7084893, -122.413962 37.7084888, -122.4139616 37.7084883, -122.4139612 37.7084878, -122.4139608 37.7084874, -122.4139603 37.7084869, -122.4139599 37.7084864, -122.4139594 37.708486, -122.413959 37.7084856, -122.4139585 37.7084851, -122.413958 37.7084847, -122.4139575 37.7084843, -122.413957 37.7084839, -122.4139565 37.7084835, -122.413956 37.7084831, -122.4139554 37.7084827, -122.4139549 37.7084823, -122.4139544 37.7084819, -122.4139538 37.7084815, -122.4139532 37.7084812, -122.4139527 37.7084808, -122.4139521 37.7084805, -122.4139515 37.7084801, -122.4139509 37.7084798, -122.4139503 37.7084795, -122.4139497 37.7084792, -122.4139491 37.7084789, -122.4139485 37.7084786, -122.4139478 37.7084783, -122.4139472 37.708478, -122.4139466 37.7084777, -122.4139459 37.7084775, -122.4139453 37.7084772, -122.4139446 37.708477, -122.413944 37.7084767, -122.4139433 37.7084765, -122.4139426 37.7084763, -122.4139419 37.7084761, -122.4139413 37.7084759, -122.4134362 37.7083338, -122.4126083 37.708097, -122.4126025 37.7080959, -122.4125982 37.7080952, -122.4125937 37.7080945, -122.4125894 37.7080944, -122.4125847 37.7080945)))",04/22/2023 12:01:41 AM,04/22/2023 12:01:41 AM
Ralph D. House Community Park,-122.39581332,37.71768467,0.16843228,137649,7336.9070563,337.3487031,Mini Park,845 Meade Street,San Francisco,CA,94124,Bayview/Palega Complex,PSA3,10,Recreation & Park,50206.0,11th Senatorial District,Bret Harte,Bayview,12th Congressional District,Bayview Heights,17th Assembly District,Bayview,"MULTIPOLYGON (((-122.3958607 37.7178542, -122.395921 37.7177872, -122.3959212 37.7177872, -122.3959687 37.7177345, -122.396033 37.717663, -122.3958061 37.7175352, -122.3957892 37.7175257, -122.3956479 37.7176827, -122.3956473 37.7176833, -122.3956468 37.7176839, -122.3956463 37.7176845, -122.3956459 37.7176851, -122.3956454 37.7176858, -122.3956449 37.7176864, -122.3956445 37.717687, -122.3956441 37.7176876, -122.3956437 37.7176883, -122.3956433 37.7176889, -122.3956429 37.7176896, -122.3956425 37.7176902, -122.3956422 37.7176909, -122.3956418 37.7176916, -122.3956415 37.7176922, -122.3956412 37.7176929, -122.3956409 37.7176936, -122.3956406 37.7176943, -122.3956403 37.717695, -122.3956401 37.7176956, -122.3956399 37.7176963, -122.3956396 37.717697, -122.3956394 37.7176977, -122.3956392 37.7176984, -122.3956391 37.7176992, -122.3956389 37.7176999, -122.3956388 37.7177006, -122.3956386 37.7177013, -122.3956385 37.717702, -122.3956384 37.7177027, -122.3956384 37.7177034, -122.3956383 37.7177041, -122.3956382 37.7177049, -122.3956382 37.7177056, -122.3956382 37.7177063, -122.3956382 37.717707, -122.3956382 37.7177077, -122.3956382 37.7177085, -122.3956383 37.7177092, -122.3956383 37.7177099, -122.3956384 37.7177106, -122.3956385 37.7177113, -122.3956386 37.717712, -122.3956388 37.7177127, -122.3956389 37.7177135, -122.395639 37.7177142, -122.3956392 37.7177149, -122.3956394 37.7177156, -122.3956396 37.7177163, -122.3956398 37.717717, -122.3956401 37.7177177, -122.3956403 37.7177184, -122.3956406 37.717719, -122.3956409 37.7177197, -122.3956411 37.7177204, -122.3956415 37.7177211, -122.3956418 37.7177218, -122.3956421 37.7177224, -122.3956425 37.7177231, -122.3956428 37.7177237, -122.3956432 37.7177244, -122.3956436 37.717725, -122.395644 37.7177257, -122.3956444 37.7177263, -122.3956449 37.7177269, -122.3956453 37.7177276, -122.3956458 37.7177282, -122.3956463 37.7177288, -122.3956468 37.7177294, -122.3956473 37.71773, -122.3956478 37.7177306, -122.3956483 37.7177312, -122.3956489 37.7177317, -122.3956494 37.7177323, -122.39565 37.7177329, -122.3956506 37.7177334, -122.3956512 37.717734, -122.3956518 37.7177345, -122.3956524 37.717735, -122.395653 37.7177355, -122.3956537 37.7177361, -122.3956543 37.7177366, -122.395655 37.717737, -122.3956556 37.7177375, -122.3956563 37.717738, -122.395657 37.7177385, -122.3956577 37.7177389, -122.3956584 37.7177394, -122.3956589 37.7177396, -122.3956589 37.7177397, -122.3956591 37.7177398, -122.3956592 37.7177398, -122.3956599 37.7177402, -122.395662 37.7177414, -122.3957459 37.717789, -122.3958607 37.7178542)))",04/22/2023 12:01:41 AM,04/22/2023 12:01:41 AM
Patricia's Green in Hayes Valley,-122.42441308,37.77622289,0.47880487,59481,20858.10456341,719.26576603,Mini Park,Octavia Boulevard @ Hayes,San Francisco,CA,94102,Western Addition Complex,PSA2,5,Recreation & Park,50208.0,11th Senatorial District,Hayes Valley,Northern,12th Congressional District,Hayes Valley,17th Assembly District,Western Addition,"MULTIPOLYGON (((-122.4242958 37.7761937, -122.4243151 37.7762886, -122.4243154 37.7762901, -122.4243802 37.7766156, -122.4243846 37.776622, -122.4243904 37.7766276, -122.4243973 37.7766324, -122.4244051 37.7766362, -122.4244137 37.7766388, -122.4244227 37.7766402, -122.424582 37.7766205, -122.4245893 37.7766197, -122.4245964 37.776618, -122.424603 37.7766153, -122.4246089 37.7766117, -122.424614 37.7766074, -122.424618 37.7766025, -122.4246209 37.7765971, -122.4246227 37.7765913, -122.4246231 37.7765855, -122.4245569 37.7762575, -122.4245476 37.7762129, -122.424546 37.776205, -122.4244695 37.7758381, -122.4244679 37.7758263, -122.424466 37.7758231, -122.4244635 37.7758203, -122.4244605 37.7758178, -122.424457 37.7758156, -122.4244532 37.7758139, -122.4242351 37.7758391, -122.4242328 37.7758402, -122.4242309 37.7758415, -122.4242292 37.7758431, -122.4242279 37.7758449, -122.4242269 37.7758468, -122.4242263 37.7758488, -122.4242261 37.7758509, -122.4242263 37.7758529, -122.4242297 37.7758684, -122.4242299 37.7758683, -122.4242958 37.7761937)))",04/22/2023 12:01:41 AM,04/22/2023 12:01:41 AM
Roosevelt & Henry Stairs,-122.43732773,37.76656622,0.37064513,107857,16145.29676967,576.21888463,Mini Park,299 Henry Street,San Francisco,CA,94114,Buena Vista Complex,PSA5,8,Recreation & Park,635.0,11th Senatorial District,Corona Heights,Park,12th Congressional District,Corona Heights,17th Assembly District,Castro/Upper Market,"MULTIPOLYGON (((-122.4373524 37.7664154, -122.4373246 37.7664266, -122.4371712 37.7664879, -122.4370741 37.7665268, -122.4371044 37.7668417, -122.4372154 37.7668351, -122.4372413 37.7668335, -122.4372416 37.7668328, -122.4372443 37.7668259, -122.4372473 37.7668191, -122.4372504 37.7668122, -122.4372536 37.7668055, -122.437257 37.7667987, -122.4372605 37.7667921, -122.4372641 37.7667854, -122.437268 37.7667788, -122.4372719 37.7667723, -122.437276 37.7667659, -122.4372803 37.7667594, -122.4372846 37.7667531, -122.4372892 37.7667468, -122.4372938 37.7667406, -122.4372986 37.7667344, -122.4373036 37.7667283, -122.4373086 37.7667223, -122.4373138 37.7667163, -122.4373191 37.7667105, -122.4373246 37.7667046, -122.4373302 37.7666989, -122.4373359 37.7666933, -122.4373417 37.7666877, -122.4373477 37.7666822, -122.4373537 37.7666768, -122.4373599 37.7666715, -122.4373662 37.7666662, -122.4373727 37.7666611, -122.4373792 37.766656, -122.4373858 37.7666511, -122.4373926 37.7666462, -122.4373994 37.7666414, -122.4374064 37.7666367, -122.4374135 37.7666322, -122.4374206 37.7666277, -122.4374279 37.7666233, -122.4374352 37.766619, -122.4374427 37.7666148, -122.4374502 37.7666107, -122.4374578 37.7666068, -122.4374656 37.7666029, -122.4374734 37.7665991, -122.4374812 37.7665955, -122.4374892 37.7665919, -122.4374972 37.7665885, -122.4375053 37.7665852, -122.4375135 37.766582, -122.4375218 37.7665789, -122.4375301 37.7665759, -122.4375385 37.766573, -122.4375469 37.7665703, -122.4375554 37.7665677, -122.437564 37.7665651, -122.4375726 37.7665628, -122.4375812 37.7665605, -122.43759 37.7665583, -122.4375987 37.7665563, -122.4376075 37.7665544, -122.4376164 37.7665526, -122.4376252 37.7665509, -122.4376341 37.7665494, -122.4376431 37.766548, -122.4376451 37.7665477, -122.4376547 37.7665269, -122.4377149 37.7663965, -122.4376654 37.7663811, -122.437602 37.7663857, -122.437488 37.7663772, -122.4373524 37.7664154)))",04/22/2023 12:01:41 AM,04/22/2023 12:01:41 AM
Noe Valley Town Square,-122.4289766,37.75138081,0.27600918,957227,12022.96061468,451.99973439,Mini Park,3861 24th Street,San Francisco,CA,94114,Buena Vista Complex,PSA5,8,Recreation & Park,50240.0,11th Senatorial District,Noe Valley,Mission,12th Congressional District,Noe Valley,17th Assembly District,Noe Valley,"MULTIPOLYGON (((-122.4290546 37.7512008, -122.4289684 37.751206, -122.4289714 37.7512376, -122.428799 37.751248, -122.4288259 37.7515286, -122.428829 37.7515614, -122.4291739 37.7515407, -122.4291708 37.7515078, -122.4291472 37.7512613, -122.4291409 37.7511956, -122.4290546 37.7512008)))",04/22/2023 12:01:41 AM,04/22/2023 12:01:41 AM
Guy Place Mini Park,-122.39438516,37.78667682,0.09000299,445358,3920.52888149,260.42193356,Mini Park,4 - 8 Guy Place,San Francisco,CA,94105,Civic Center/Potrero Hill Complex,PSA2,6,Recreation & Park,50211.0,11th Senatorial District,Rincon Hill,Southern,12th Congressional District,South Beach,17th Assembly District,South of Market,"MULTIPOLYGON (((-122.3942429 37.7866534, -122.39426 37.786667, -122.3943823 37.7867649, -122.3943749 37.7867707, -122.3944236 37.7868097, -122.394459 37.7867817, -122.3945537 37.7867071, -122.3943826 37.7865701, -122.3943655 37.7865565, -122.3942429 37.7866534)))",04/22/2023 12:01:41 AM,04/22/2023 12:01:41 AM
Chestnut & Kearny Open Space,-122.40710417,37.80463539,0.04731905,152,2061.21665929,304.81871613,Mini Park,Chestnut & Kearny,San Francisco,CA,94133,North Beach Complex,PSA1,3,Recreation & Park,266.0,11th Senatorial District,Telegraph Hill,Central,12th Congressional District,Telegraph Hill,17th Assembly District,North Beach,"MULTIPOLYGON (((-122.4068784 37.8046494, -122.4068865 37.8046901, -122.4073564 37.8046313, -122.4073481 37.8045907, -122.4068784 37.8046494)))",04/22/2023 12:01:41 AM,04/22/2023 12:01:41 AM
Fillmore & Turk Mini Park,-122.43179597,37.78019049,0.25965187,182,11310.43647248,429.66018652,Mini Park,Fillmore & Turk Streets,San Francisco,CA,94115,Western Addition Complex,PSA2,5,Real Estate,50245.0,11th Senatorial District,Western Addition,Northern,12th Congressional District,Western Addition,17th Assembly District,Western Addition,"MULTIPOLYGON (((-122.4319419 37.7800502, -122.4315746 37.780097, -122.4316253 37.7803473, -122.4319925 37.7803005, -122.4320438 37.780294, -122.4319931 37.7800436, -122.4319419 37.7800502)))",04/22/2023 12:01:41 AM,04/22/2023 12:01:41 AM
Joseph Conrad Mini Park,-122.41906274,37.80667244,0.15425152,154,6719.20741866,369.69729162,Mini Park,601 Beach Street,San Francisco,CA,94133,North Beach Complex,PSA1,3,Recreation & Park,268.0,11th Senatorial District,Fisherman's Wharf,Central,12th Congressional District,North Waterfront,17th Assembly District,North Beach,"MULTIPOLYGON (((-122.41893 37.8064839, -122.4189297 37.806484, -122.4189294 37.806484, -122.4189291 37.806484, -122.4189288 37.806484, -122.4189285 37.806484, -122.4189282 37.8064841, -122.4189279 37.8064841, -122.4189276 37.8064841, -122.4189273 37.8064842, -122.418927 37.8064842, -122.4189267 37.8064843, -122.4189264 37.8064844, -122.4189261 37.8064844, -122.4189259 37.8064845, -122.4189256 37.8064845, -122.4189253 37.8064846, -122.418925 37.8064847, -122.4189247 37.8064848, -122.4189244 37.8064849, -122.4189241 37.8064849, -122.4189239 37.806485, -122.4189236 37.8064851, -122.4189233 37.8064852, -122.418923 37.8064853, -122.4189228 37.8064855, -122.4189225 37.8064856, -122.4189222 37.8064857, -122.418922 37.8064858, -122.4189217 37.8064859, -122.4189215 37.806486, -122.4189212 37.8064862, -122.418921 37.8064863, -122.4189207 37.8064864, -122.4189205 37.8064866, -122.4189202 37.8064867, -122.41892 37.8064869, -122.4189197 37.806487, -122.4189195 37.8064872, -122.4189193 37.8064873, -122.4189191 37.8064875, -122.4189188 37.8064877, -122.4189186 37.8064878, -122.4189184 37.806488, -122.4189182 37.8064882, -122.418918 37.8064883, -122.4189178 37.8064885, -122.4189176 37.8064887, -122.4189174 37.8064889, -122.4189172 37.8064891, -122.418917 37.8064892, -122.4189168 37.8064894, -122.4189167 37.8064896, -122.4189165 37.8064898, -122.4189163 37.80649, -122.4189161 37.8064902, -122.418916 37.8064904, -122.4189158 37.8064906, -122.4189157 37.8064908, -122.4189155 37.8064911, -122.4189154 37.8064913, -122.4189152 37.8064915, -122.4189151 37.8064917, -122.418915 37.8064919, -122.4189149 37.8064921, -122.4189147 37.8064923, -122.4189146 37.8064926, -122.4189145 37.8064928, -122.4189144 37.806493, -122.4189143 37.8064932, -122.4189142 37.8064935, -122.4189141 37.8064937, -122.418914 37.8064939, -122.418914 37.8064942, -122.4189139 37.8064944, -122.4189138 37.8064946, -122.4189138 37.8064949, -122.4189137 37.8064951, -122.4189136 37.8064953, -122.4189136 37.8064956, -122.4189135 37.8064958, -122.4189135 37.806496, -122.4189135 37.8064963, -122.4189134 37.8064965, -122.4189134 37.8064968, -122.4189134 37.806497, -122.4189134 37.8064972, -122.4189134 37.8064975, -122.4189134 37.8064977, -122.4189134 37.806498, -122.4189134 37.8064982, -122.4189134 37.8064984, -122.4189134 37.8064987, -122.4189135 37.8064989, -122.4189135 37.8064991, -122.4189135 37.8064994, -122.4189136 37.8064996, -122.4189136 37.8064999, -122.4189684 37.8067673, -122.4189685 37.806768, -122.4189687 37.8067688, -122.4189689 37.8067695, -122.4189691 37.8067702, -122.4189693 37.8067709, -122.4189695 37.8067716, -122.4189698 37.8067722, -122.41897 37.8067729, -122.4189703 37.8067736, -122.4189706 37.8067743, -122.4189709 37.806775, -122.4189712 37.8067756, -122.4189715 37.8067763, -122.4189719 37.806777, -122.4189723 37.8067776, -122.4189726 37.8067783, -122.418973 37.8067789, -122.4189734 37.8067796, -122.4189739 37.8067802, -122.4189743 37.8067808, -122.4189748 37.8067815, -122.4189752 37.8067821, -122.4189757 37.8067827, -122.4189762 37.8067833, -122.4189767 37.8067839, -122.4189772 37.8067845, -122.4189777 37.8067851, -122.4189783 37.8067857, -122.4189788 37.8067862, -122.4189794 37.8067868, -122.41898 37.8067873, -122.4189806 37.8067879, -122.4189812 37.8067884, -122.4189818 37.8067889, -122.4189824 37.8067895, -122.418983 37.80679, -122.4189837 37.8067905, -122.4189844 37.806791, -122.418985 37.8067915, -122.4189857 37.8067919, -122.4189864 37.8067924, -122.4189871 37.8067929, -122.4189878 37.8067933, -122.4189885 37.8067937, -122.4189893 37.8067942, -122.41899 37.8067946, -122.4189907 37.806795, -122.4189915 37.8067954, -122.4189923 37.8067958, -122.418993 37.8067961, -122.4189938 37.8067965, -122.4189946 37.8067968, -122.4189954 37.8067972, -122.4189962 37.8067975, -122.418997 37.8067978, -122.4189979 37.8067981, -122.4189987 37.8067984, -122.4189995 37.8067987, -122.4190004 37.806799, -122.4190012 37.8067993, -122.419002 37.8067995, -122.4190029 37.8067997, -122.4190038 37.8068, -122.4190046 37.8068002, -122.4190055 37.8068004, -122.4190064 37.8068006, -122.4190073 37.8068007, -122.4190081 37.8068009, -122.419009 37.8068011, -122.4190099 37.8068012, -122.4190108 37.8068013, -122.4190117 37.8068014, -122.4190126 37.8068016, -122.4190135 37.8068016, -122.4190144 37.8068017, -122.4190153 37.8068018, -122.4190162 37.8068018, -122.4190171 37.8068019, -122.419018 37.8068019, -122.4190189 37.8068019, -122.4190198 37.8068019, -122.4190207 37.8068019, -122.4190216 37.8068019, -122.4190225 37.8068019, -122.4190234 37.8068018, -122.4190243 37.8068018, -122.4190252 37.8068017, -122.4190261 37.8068016, -122.419027 37.8068015, -122.4190277 37.8068014, -122.4193066 37.8067666, -122.4193069 37.8067666, -122.4193072 37.8067665, -122.4193075 37.8067665, -122.4193078 37.8067664, -122.4193081 37.8067664, -122.4193084 37.8067663, -122.4193087 37.8067662, -122.419309 37.8067662, -122.4193092 37.8067661, -122.4193095 37.806766, -122.4193098 37.806766, -122.4193101 37.8067659, -122.4193104 37.8067658, -122.4193107 37.8067657, -122.4193109 37.8067656, -122.4193112 37.8067655, -122.4193115 37.8067654, -122.4193118 37.8067653, -122.419312 37.8067652, -122.4193123 37.8067651, -122.4193125 37.8067649, -122.4193128 37.8067648, -122.4193131 37.8067647, -122.4193133 37.8067646, -122.4193136 37.8067644, -122.4193138 37.8067643, -122.4193141 37.8067642, -122.4193143 37.806764, -122.4193146 37.8067639, -122.4193148 37.8067637, -122.419315 37.8067636, -122.4193153 37.8067634, -122.4193155 37.8067633, -122.4193157 37.8067631, -122.4193159 37.8067629, -122.4193161 37.8067628, -122.4193163 37.8067626, -122.4193166 37.8067624, -122.4193168 37.8067622, -122.419317 37.8067621, -122.4193172 37.8067619, -122.4193173 37.8067617, -122.4193175 37.8067615, -122.4193177 37.8067613, -122.4193179 37.8067611, -122.4193181 37.8067609, -122.4193182 37.8067607, -122.4193184 37.8067605, -122.4193186 37.8067603, -122.4193187 37.8067601, -122.4193189 37.8067599, -122.419319 37.8067597, -122.4193192 37.8067595, -122.4193193 37.8067593, -122.4193195 37.8067591, -122.4193196 37.8067589, -122.4193197 37.8067586, -122.4193198 37.8067584, -122.41932 37.8067582, -122.4193201 37.806758, -122.4193202 37.8067578, -122.4193203 37.8067575, -122.4193204 37.8067573, -122.4193205 37.8067571, -122.4193205 37.8067568, -122.4193206 37.8067566, -122.4193207 37.8067564, -122.4193208 37.8067561, -122.4193208 37.8067559, -122.4193209 37.8067557, -122.419321 37.8067554, -122.419321 37.8067552, -122.419321 37.806755, -122.4193211 37.8067547, -122.4193211 37.8067545, -122.4193211 37.8067543, -122.4193212 37.806754, -122.4193212 37.8067538, -122.4193212 37.8067535, -122.4193212 37.8067533, -122.4193212 37.8067531, -122.4193212 37.8067528, -122.4193212 37.8067526, -122.4193212 37.8067523, -122.4193212 37.8067521, -122.4193212 37.8067519, -122.4193211 37.8067516, -122.4193211 37.8067514, -122.4193211 37.8067511, -122.419321 37.8067509, -122.419321 37.8067507, -122.4193209 37.8067504, -122.4193208 37.8067502, -122.4193208 37.80675, -122.4193207 37.8067497, -122.4193206 37.8067495, -122.4193206 37.8067493, -122.4193205 37.806749, -122.4193204 37.8067488, -122.4193203 37.8067486, -122.4193202 37.8067484, -122.4193201 37.8067481, -122.41932 37.8067479, -122.4193198 37.8067477, -122.4193197 37.8067475, -122.4193196 37.8067473, -122.4193195 37.806747, -122.4193193 37.8067468, -122.4193192 37.8067466, -122.4193191 37.8067464, -122.4193189 37.8067462, -122.4193188 37.806746, -122.4193186 37.8067458, -122.4193184 37.8067456, -122.4193183 37.8067454, -122.4193181 37.8067452, -122.4193179 37.806745, -122.4193177 37.8067448, -122.4193176 37.8067446, -122.4193174 37.8067444, -122.4193172 37.8067442, -122.419317 37.806744, -122.4193168 37.8067439, -122.4193166 37.8067437, -122.4193164 37.8067435, -122.4193162 37.8067433, -122.4193159 37.8067432, -122.4193157 37.806743, -122.4193155 37.8067428, -122.4193153 37.8067427, -122.4193152 37.8067426, -122.419292 37.8067267, -122.4189672 37.8065045, -122.418942 37.8064873, -122.4189418 37.8064871, -122.4189415 37.806487, -122.4189413 37.8064868, -122.4189411 37.8064867, -122.4189408 37.8064865, -122.4189406 37.8064864, -122.4189403 37.8064862, -122.4189401 37.8064861, -122.4189398 37.806486, -122.4189395 37.8064859, -122.4189393 37.8064857, -122.418939 37.8064856, -122.4189388 37.8064855, -122.4189385 37.8064854, -122.4189382 37.8064853, -122.4189379 37.8064852, -122.4189377 37.8064851, -122.4189374 37.806485, -122.4189371 37.8064849, -122.4189368 37.8064848, -122.4189365 37.8064847, -122.4189363 37.8064847, -122.418936 37.8064846, -122.4189357 37.8064845, -122.4189354 37.8064844, -122.4189351 37.8064844, -122.4189348 37.8064843, -122.4189345 37.8064843, -122.4189342 37.8064842, -122.4189339 37.8064842, -122.4189336 37.8064841, -122.4189333 37.8064841, -122.418933 37.8064841, -122.4189327 37.806484, -122.4189324 37.806484, -122.4189321 37.806484, -122.4189318 37.806484, -122.4189315 37.8064839, -122.4189312 37.8064839, -122.4189309 37.8064839, -122.4189306 37.8064839, -122.4189303 37.8064839, -122.41893 37.8064839)))",04/22/2023 12:01:41 AM,04/22/2023 12:01:41 AM
Portola Open Space,-122.44405944,37.74707418,0.81189211,37264,35366.01659256,946.08048373,Mini Park,201 Portola @ Clipper,San Francisco,CA,94131,Glen Park Complex,PSA5,8,Recreation & Park,50199.0,11th Senatorial District,Upper Market,Mission,12th Congressional District,Noe Valley,17th Assembly District,Noe Valley,"MULTIPOLYGON (((-122.4441519 37.7468117, -122.4441428 37.7468153, -122.444131 37.7468202, -122.4441193 37.7468253, -122.4441077 37.7468305, -122.4440963 37.7468359, -122.4440849 37.7468414, -122.4440737 37.7468471, -122.4440626 37.7468529, -122.4440516 37.7468589, -122.4440407 37.7468651, -122.44403 37.7468714, -122.4440195 37.7468778, -122.4440091 37.7468844, -122.4439988 37.7468912, -122.4439887 37.746898, -122.4439787 37.7469051, -122.4439689 37.7469122, -122.4439592 37.7469195, -122.4439497 37.7469269, -122.4439404 37.7469345, -122.4439312 37.7469421, -122.4439222 37.7469499, -122.4439134 37.7469579, -122.4435252 37.7473292, -122.4434367 37.7474154, -122.4434684 37.7474137, -122.4435504 37.7474091, -122.4439899 37.7473849, -122.444018 37.7473834, -122.4440201 37.74738, -122.4440295 37.7473658, -122.4440341 37.7473588, -122.4440485 37.7473379, -122.4440634 37.7473171, -122.4440787 37.7472966, -122.4440945 37.7472763, -122.4441107 37.7472562, -122.4441274 37.7472363, -122.4441445 37.7472166, -122.444162 37.7471972, -122.4441799 37.7471781, -122.4441983 37.7471592, -122.4442171 37.7471405, -122.4442363 37.7471221, -122.4442371 37.7471213, -122.4442379 37.7471206, -122.4442386 37.7471198, -122.4442393 37.7471191, -122.44424 37.7471183, -122.4442407 37.7471175, -122.4442414 37.7471167, -122.444242 37.7471159, -122.4442426 37.7471151, -122.4442433 37.7471142, -122.4442439 37.7471134, -122.4442444 37.7471126, -122.444245 37.7471117, -122.4442455 37.7471109, -122.4442461 37.74711, -122.4442466 37.7471091, -122.444247 37.7471082, -122.4442475 37.7471074, -122.4442479 37.7471065, -122.4442484 37.7471056, -122.4442488 37.7471047, -122.4442492 37.7471038, -122.4442495 37.7471028, -122.4442499 37.7471019, -122.4442502 37.747101, -122.4442505 37.7471001, -122.4442508 37.7470991, -122.444251 37.7470982, -122.4442513 37.7470973, -122.4442515 37.7470963, -122.4442517 37.7470954, -122.4442519 37.7470944, -122.444252 37.7470935, -122.4442522 37.7470925, -122.4442523 37.7470916, -122.4442524 37.7470906, -122.4442525 37.7470897, -122.4442525 37.7470887, -122.4442525 37.7470877, -122.4442526 37.7470868, -122.4442525 37.7470858, -122.4442525 37.7470849, -122.4442525 37.7470839, -122.4442647 37.7470752, -122.4442804 37.7470645, -122.4442963 37.747054, -122.4443124 37.7470438, -122.4443288 37.7470337, -122.4443453 37.7470239, -122.4443621 37.7470144, -122.4443791 37.747005, -122.4443963 37.7469959, -122.4444137 37.746987, -122.4444143 37.7469867, -122.4446969 37.7468912, -122.4446971 37.746891, -122.444698 37.7468898, -122.4446989 37.7468886, -122.4446998 37.7468873, -122.4447007 37.7468861, -122.4447015 37.7468849, -122.4447023 37.7468836, -122.4447031 37.7468823, -122.4447038 37.746881, -122.4447045 37.7468798, -122.4447052 37.7468785, -122.4447058 37.7468771, -122.4447065 37.7468758, -122.4447071 37.7468745, -122.4447076 37.7468732, -122.4447082 37.7468718, -122.4447087 37.7468705, -122.4447092 37.7468691, -122.4447096 37.7468678, -122.44471 37.7468664, -122.4447104 37.746865, -122.4447108 37.7468636, -122.4447111 37.7468623, -122.4447114 37.7468609, -122.4447117 37.7468595, -122.4447119 37.7468581, -122.4447121 37.7468567, -122.4447123 37.7468553, -122.4447124 37.7468539, -122.4447126 37.7468525, -122.4447126 37.7468511, -122.4447127 37.7468497, -122.4447127 37.7468482, -122.4447127 37.7468468, -122.4447127 37.7468454, -122.4447126 37.746844, -122.4447125 37.7468426, -122.4447123 37.7468412, -122.4447122 37.7468398, -122.444712 37.7468384, -122.4447118 37.746837, -122.4447115 37.7468356, -122.4447112 37.7468342, -122.4447109 37.7468328, -122.4447106 37.7468315, -122.4447102 37.7468301, -122.4447098 37.7468287, -122.4447093 37.7468273, -122.4447089 37.746826, -122.4447084 37.7468246, -122.4447078 37.7468233, -122.4447073 37.746822, -122.4447067 37.7468206, -122.4447061 37.7468193, -122.4447054 37.746818, -122.4447048 37.7468167, -122.444704 37.7468154, -122.4447033 37.7468141, -122.4447026 37.7468128, -122.4447018 37.7468116, -122.444701 37.7468103, -122.4447001 37.7468091, -122.4446992 37.7468079, -122.4446984 37.7468066, -122.4446974 37.7468054, -122.4446965 37.7468043, -122.4446955 37.7468031, -122.4446945 37.7468019, -122.4446935 37.7468008, -122.4446924 37.7467996, -122.4446914 37.7467985, -122.4446903 37.7467974, -122.4446891 37.7467963, -122.444688 37.7467952, -122.4446868 37.7467942, -122.4446856 37.7467931, -122.4446844 37.7467921, -122.4446832 37.7467911, -122.4446819 37.7467901, -122.4446806 37.7467891, -122.4446793 37.7467882, -122.444678 37.7467873, -122.4446766 37.7467863, -122.4446753 37.7467854, -122.4446739 37.7467846, -122.4446725 37.7467837, -122.4446711 37.7467829, -122.4446696 37.746782, -122.4446682 37.7467812, -122.4446667 37.7467804, -122.4446652 37.7467797, -122.4446637 37.7467789, -122.4446622 37.7467782, -122.4446606 37.7467775, -122.4446591 37.7467769, -122.4446575 37.7467762, -122.4446464 37.7467748, -122.4446308 37.7467731, -122.4446153 37.7467716, -122.4445996 37.7467704, -122.444584 37.7467693, -122.4445684 37.7467685, -122.4445527 37.7467678, -122.444537 37.7467674, -122.4445213 37.7467672, -122.4445056 37.7467673, -122.44449 37.7467675, -122.4444743 37.746768, -122.4444586 37.7467686, -122.444443 37.7467695, -122.4444273 37.7467706, -122.4444117 37.746772, -122.4443962 37.7467735, -122.4443806 37.7467753, -122.4443651 37.7467773, -122.4443497 37.7467794, -122.4443343 37.7467818, -122.444319 37.7467845, -122.4443037 37.7467873, -122.4442885 37.7467903, -122.4442733 37.7467936, -122.4442583 37.746797, -122.4442433 37.7468007, -122.4441519 37.7468117)))",04/22/2023 12:01:41 AM,04/22/2023 12:01:41 AM
Head & Brotherood Mini Park,-122.46421929,37.71262615,0.51954167,196,22631.2376498,679.30479986,Mini Park,Head Street & Brotherhood Way,San Francisco,CA,94132,Lake Merced Complex,PSA4,11,Public Works,593.0,11th Senatorial District,Merced Heights,Taraval,14th Congressional District,Ingleside Heights,19th Assembly District,Ocean View,"MULTIPOLYGON (((-122.4637206 37.7124229, -122.4639433 37.7125973, -122.4642942 37.7128721, -122.4644487 37.7128707, -122.464449 37.7128707, -122.4644705 37.7128701, -122.4644707 37.7128701, -122.4645026 37.7128692, -122.464666 37.7127386, -122.4646672 37.7127377, -122.4646546 37.712729, -122.4642076 37.7124191, -122.464206 37.712418, -122.4637191 37.7124217, -122.4637206 37.7124229)))",04/22/2023 12:01:41 AM,04/22/2023 12:01:41 AM
Juri Commons,-122.42198751,37.74949697,0.353969,23,14122.24288782,897.77717068,Mini Park,Guerrero & 26th Streets,San Francisco,C,94110,Mission Complex,PSA6,8,Recreation & Park,47.0,11th Senatorial District,Mission,Mission,12th Congressional District,Noe Valley,17th Assembly District,Mission,"MULTIPOLYGON (((-122.4218111 37.7495869, -122.4215063 37.7498207, -122.4215146 37.7499077, -122.4215899 37.7499031, -122.4216838 37.7498312, -122.4217507 37.7497798, -122.4218252 37.7497228, -122.4219007 37.7496649, -122.4218952 37.7496074, -122.4219921 37.749533, -122.4219976 37.7495905, -122.4221566 37.7494686, -122.4221705 37.749458, -122.422268 37.7493832, -122.422432 37.7492575, -122.4224852 37.7492491, -122.4224693 37.7490823, -122.4221865 37.7492991, -122.4221224 37.7493482, -122.4219532 37.749478, -122.4218111 37.7495869)))",04/22/2023 12:01:41 AM,04/22/2023 12:01:41 AM
