location_name,time,date,latitude,longitude
Fallen Bridge Mini Park,2022-07-05 00:48:14,2022-07-05,37.762326,-122.406041
Sunnyside Conservatory,2021-07-31 20:24:43,2021-07-31,37.73173,-122.440864
Sunnyside Conservatory,2021-07-31 20:25:33,2021-07-31,37.73183,-122.440789
Saturn Street Steps,2022-09-14 10:48:53,2022-09-14,37.762784,-122.44077
Saturn Street Steps,2022-09-14 11:26:22,2022-09-14,37.762784,-122.44077
10th Ave & Clement Mini Park,2023-04-12 19:45:43,2023-04-12,37.78193,-122.467942
Alioto Mini Park,2022-02-12 09:24:48,2022-02-12,37.758819,-122.418189
Alioto Mini Park,2022-02-12 09:30:18,2022-02-12,37.758769,-122.418253
Alioto Mini Park,2022-02-12 09:30:21,2022-02-12,37.758769,-122.418237
Alioto Mini Park,2021-07-22 16:55:09,2021-07-22,37.759036,-122.418178
Ina Coolbrith Park,2023-04-13 15:07:48,2023-04-13,37.79839,-122.413455
Ina Coolbrith Park,2023-05-01 15:09:59,2023-05-01,37.798314,-122.413598
Ina Coolbrith Park,2023-05-01 15:07:22,2023-05-01,37.798085,-122.41334
Ina Coolbrith Park,2023-05-01 15:14:13,2023-05-01,37.798314,-122.413598
Ina Coolbrith Park,2023-04-23 15:58:35,2023-04-23,37.798085,-122.41334
Ina Coolbrith Park,2023-04-23 15:59:07,2023-04-23,37.798085,-122.41334
Ina Coolbrith Park,2023-04-23 16:06:57,2023-04-23,37.798314,-122.413598
Ina Coolbrith Park,2023-04-23 16:00:26,2023-04-23,37.798085,-122.41334
Ina Coolbrith Park,2023-04-23 16:02:56,2023-04-23,37.798085,-122.41334
Ina Coolbrith Park,2023-04-23 16:09:26,2023-04-23,37.798314,-122.413598
Ina Coolbrith Park,2023-04-23 16:25:32,2023-04-23,37.798314,-122.413598
Ina Coolbrith Park,2023-04-23 16:25:35,2023-04-23,37.798314,-122.413598
Ina Coolbrith Park,2023-04-06 15:35:59,2023-04-06,37.798085,-122.41334
Ina Coolbrith Park,2023-04-06 15:36:10,2023-04-06,37.798085,-122.41334
Ina Coolbrith Park,2023-04-06 15:38:41,2023-04-06,37.798085,-122.41334
Ina Coolbrith Park,2023-04-06 15:38:58,2023-04-06,37.798085,-122.41334
Ina Coolbrith Park,2023-04-06 15:39:22,2023-04-06,37.798085,-122.41334
Ina Coolbrith Park,2023-04-06 15:43:31,2023-04-06,37.798314,-122.413598
Ina Coolbrith Park,2023-04-06 15:44:04,2023-04-06,37.798314,-122.413598
Ina Coolbrith Park,2023-04-06 15:45:13,2023-04-06,37.798314,-122.413598
Ina Coolbrith Park,2023-04-06 15:45:43,2023-04-06,37.798314,-122.413598
Ina Coolbrith Park,2023-04-06 15:45:24,2023-04-06,37.798314,-122.413598
Ina Coolbrith Park,2023-04-03 14:43:33,2023-04-03,37.798085,-122.41334
Ina Coolbrith Park,2023-04-03 14:43:57,2023-04-03,37.798085,-122.41334
Ina Coolbrith Park,2023-04-03 14:44:44,2023-04-03,37.798085,-122.41334
Ina Coolbrith Park,2023-04-03 14:45:09,2023-04-03,37.798085,-122.41334
Ina Coolbrith Park,2023-04-03 14:46:46,2023-04-03,37.798085,-122.41334
Ina Coolbrith Park,2023-04-03 14:47:09,2023-04-03,37.798085,-122.41334
Ina Coolbrith Park,2023-04-03 14:49:07,2023-04-03,37.798314,-122.413598
Ina Coolbrith Park,2023-04-03 14:49:43,2023-04-03,37.798314,-122.413598
Ina Coolbrith Park,2023-04-03 14:53:37,2023-04-03,37.798314,-122.413598
Ina Coolbrith Park,2023-04-03 14:55:10,2023-04-03,37.798314,-122.413598
Ina Coolbrith Park,2023-04-03 14:55:23,2023-04-03,37.798314,-122.413598
Ina Coolbrith Park,2023-04-03 14:44:25,2023-04-03,37.798085,-122.41334
Ina Coolbrith Park,2023-03-18 14:04:59,2023-03-18,37.798085,-122.41334
Ina Coolbrith Park,2023-03-18 14:05:11,2023-03-18,37.798085,-122.41334
Ina Coolbrith Park,2023-03-18 14:05:24,2023-03-18,37.798085,-122.41334
Ina Coolbrith Park,2023-03-18 14:06:24,2023-03-18,37.798085,-122.41334
Ina Coolbrith Park,2023-03-18 14:06:52,2023-03-18,37.798085,-122.41334
Ina Coolbrith Park,2023-03-18 14:08:06,2023-03-18,37.798085,-122.41334
Ina Coolbrith Park,2023-03-18 14:07:10,2023-03-18,37.798085,-122.41334
Ina Coolbrith Park,2023-03-18 14:08:17,2023-03-18,37.798085,-122.41334
Ina Coolbrith Park,2023-03-18 14:09:49,2023-03-18,37.798085,-122.41334
Ina Coolbrith Park,2023-03-18 14:16:21,2023-03-18,37.798314,-122.413598
Ina Coolbrith Park,2023-03-18 14:16:41,2023-03-18,37.798314,-122.413598
Ina Coolbrith Park,2023-03-18 14:17:04,2023-03-18,37.798314,-122.413598
Ina Coolbrith Park,2023-03-18 14:17:10,2023-03-18,37.798314,-122.413598
Ina Coolbrith Park,2023-03-18 14:17:39,2023-03-18,37.798314,-122.413598
Ina Coolbrith Park,2023-03-18 14:17:50,2023-03-18,37.798314,-122.413598
Ina Coolbrith Park,2023-03-18 14:18:39,2023-03-18,37.798314,-122.413598
Ina Coolbrith Park,2023-03-18 14:19:48,2023-03-18,37.798314,-122.413598
Ina Coolbrith Park,2023-03-18 14:21:57,2023-03-18,37.798314,-122.413598
Ina Coolbrith Park,2023-03-18 14:22:33,2023-03-18,37.798314,-122.413598
Ina Coolbrith Park,2023-03-18 14:23:28,2023-03-18,37.798314,-122.413598
Ina Coolbrith Park,2023-03-18 14:11:39,2023-03-18,37.798085,-122.41334
Ina Coolbrith Park,2016-04-17 10:21:06,2016-04-17,37.798061,-122.413567
Ina Coolbrith Park,2016-04-17 10:23:50,2016-04-17,37.798436,-122.413514
Ina Coolbrith Park,2023-03-08 15:19:28,2023-03-08,37.798085,-122.41334
Ina Coolbrith Park,2023-03-08 15:20:17,2023-03-08,37.798085,-122.41334
Ina Coolbrith Park,2023-03-08 15:21:30,2023-03-08,37.798085,-122.41334
Ina Coolbrith Park,2023-03-08 15:21:36,2023-03-08,37.798085,-122.41334
Ina Coolbrith Park,2023-03-08 15:22:00,2023-03-08,37.798085,-122.41334
Ina Coolbrith Park,2023-03-08 15:23:06,2023-03-08,37.798314,-122.413598
Ina Coolbrith Park,2023-03-08 15:48:45,2023-03-08,37.798314,-122.413598
Ina Coolbrith Park,2023-03-08 15:50:14,2023-03-08,37.798314,-122.413598
Ina Coolbrith Park,2023-03-08 15:20:30,2023-03-08,37.798085,-122.41334
Ina Coolbrith Park,2023-02-13 14:58:47,2023-02-13,37.798085,-122.41334
Ina Coolbrith Park,2023-02-13 14:59:03,2023-02-13,37.798085,-122.41334
Ina Coolbrith Park,2023-02-13 14:59:15,2023-02-13,37.798085,-122.41334
Ina Coolbrith Park,2023-02-13 15:00:32,2023-02-13,37.798085,-122.41334
Ina Coolbrith Park,2023-02-13 15:00:51,2023-02-13,37.798085,-122.41334
Ina Coolbrith Park,2023-02-13 15:02:13,2023-02-13,37.798085,-122.41334
Ina Coolbrith Park,2023-02-13 15:02:54,2023-02-13,37.798314,-122.413598
Ina Coolbrith Park,2023-02-13 15:04:12,2023-02-13,37.798314,-122.413598
Ina Coolbrith Park,2023-02-13 15:06:01,2023-02-13,37.798314,-122.413598
Ina Coolbrith Park,2023-02-13 15:06:35,2023-02-13,37.798314,-122.413598
Ina Coolbrith Park,2023-01-12 10:17:52,2023-01-12,37.797958,-122.413676
Ina Coolbrith Park,2023-01-16 13:16:54,2023-01-16,37.798085,-122.41334
Ina Coolbrith Park,2023-01-16 13:19:02,2023-01-16,37.798314,-122.413598
Ina Coolbrith Park,2023-01-16 13:19:52,2023-01-16,37.798314,-122.413598
Ina Coolbrith Park,2023-01-16 13:19:25,2023-01-16,37.798314,-122.413598
Ina Coolbrith Park,2023-01-08 20:44:20,2023-01-08,37.798402,-122.413573
Ina Coolbrith Park,2023-01-08 12:17:37,2023-01-08,37.798314,-122.413598
Ina Coolbrith Park,2023-01-08 12:19:24,2023-01-08,37.798314,-122.413598
Ina Coolbrith Park,2023-01-02 10:27:35,2023-01-02,37.798186,-122.413287
Ina Coolbrith Park,2023-01-01 17:03:55,2023-01-01,37.798314,-122.413598
Ina Coolbrith Park,2023-01-01 17:04:36,2023-01-01,37.798314,-122.413598
Ina Coolbrith Park,2023-01-01 17:05:20,2023-01-01,37.798314,-122.413598
Ina Coolbrith Park,2023-01-01 17:05:40,2023-01-01,37.798314,-122.413598
Ina Coolbrith Park,2023-01-01 17:06:35,2023-01-01,37.798314,-122.413598
Ina Coolbrith Park,2023-01-01 17:11:00,2023-01-01,37.798314,-122.413598
Ina Coolbrith Park,2023-01-01 17:05:27,2023-01-01,37.798314,-122.413598
Ina Coolbrith Park,2022-12-18 14:02:57,2022-12-18,37.798085,-122.41334
Ina Coolbrith Park,2022-12-18 14:06:09,2022-12-18,37.798314,-122.413598
Ina Coolbrith Park,2022-11-26 14:06:00,2022-11-26,37.798314,-122.413598
Ina Coolbrith Park,2022-11-26 14:07:22,2022-11-26,37.798314,-122.413598
Ina Coolbrith Park,2022-11-26 14:07:34,2022-11-26,37.798314,-122.413598
Ina Coolbrith Park,2022-11-26 14:08:11,2022-11-26,37.798314,-122.413598
Ina Coolbrith Park,2022-11-26 14:07:54,2022-11-26,37.798314,-122.413598
Ina Coolbrith Park,2022-11-21 14:57:11,2022-11-21,37.798314,-122.413598
Ina Coolbrith Park,2022-11-21 15:01:37,2022-11-21,37.798314,-122.413598
Ina Coolbrith Park,2022-11-21 14:56:18,2022-11-21,37.798314,-122.413598
Ina Coolbrith Park,2022-11-06 18:41:29,2022-11-06,37.798402,-122.413573
Ina Coolbrith Park,2022-11-05 14:15:36,2022-11-05,37.798085,-122.41334
Ina Coolbrith Park,2022-11-05 14:16:33,2022-11-05,37.798085,-122.41334
Ina Coolbrith Park,2022-11-05 14:17:12,2022-11-05,37.798085,-122.41334
Ina Coolbrith Park,2022-11-05 14:17:53,2022-11-05,37.798314,-122.413598
Ina Coolbrith Park,2022-10-26 18:36:26,2022-10-26,37.798077,-122.413639
Ina Coolbrith Park,2022-05-09 18:37:34,2022-05-09,37.798229,-122.413498
Ina Coolbrith Park,2022-05-09 18:38:08,2022-05-09,37.798229,-122.413498
Ina Coolbrith Park,2022-05-09 18:38:12,2022-05-09,37.798229,-122.413498
Ina Coolbrith Park,2022-05-09 18:38:30,2022-05-09,37.798229,-122.413498
Ina Coolbrith Park,2022-05-09 18:39:04,2022-05-09,37.798229,-122.413498
Ina Coolbrith Park,2022-05-09 18:39:21,2022-05-09,37.798229,-122.413498
Ina Coolbrith Park,2022-05-09 18:39:26,2022-05-09,37.798229,-122.413498
Ina Coolbrith Park,2022-05-09 18:47:00,2022-05-09,37.798229,-122.413498
Ina Coolbrith Park,2022-05-09 19:20:20,2022-05-09,37.798229,-122.413498
Ina Coolbrith Park,2022-05-09 19:21:18,2022-05-09,37.798229,-122.413498
Ina Coolbrith Park,2022-05-09 19:22:38,2022-05-09,37.798229,-122.413498
Ina Coolbrith Park,2022-05-09 19:24:15,2022-05-09,37.798229,-122.413498
Ina Coolbrith Park,2022-10-17 14:46:29,2022-10-17,37.798314,-122.413598
Ina Coolbrith Park,2022-10-17 14:47:15,2022-10-17,37.798314,-122.413598
Ina Coolbrith Park,2022-10-17 14:47:55,2022-10-17,37.798314,-122.413598
Ina Coolbrith Park,2022-10-17 14:48:22,2022-10-17,37.798314,-122.413598
Ina Coolbrith Park,2022-10-17 14:48:50,2022-10-17,37.798314,-122.413598
Ina Coolbrith Park,2022-10-17 14:49:55,2022-10-17,37.798314,-122.413598
Ina Coolbrith Park,2022-10-17 14:49:06,2022-10-17,37.798314,-122.413598
Ina Coolbrith Park,2022-10-17 14:53:00,2022-10-17,37.798314,-122.413598
Ina Coolbrith Park,2022-10-17 14:57:06,2022-10-17,37.798314,-122.413598
Ina Coolbrith Park,2022-10-17 14:57:48,2022-10-17,37.798314,-122.413598
Ina Coolbrith Park,2022-10-12 18:40:20,2022-10-12,37.7981,-122.413645
Ina Coolbrith Park,2022-10-12 18:47:11,2022-10-12,37.798102,-122.413648
Ina Coolbrith Park,2022-09-30 15:31:24,2022-09-30,37.798314,-122.413598
Ina Coolbrith Park,2022-09-11 14:50:27,2022-09-11,37.798085,-122.41334
Ina Coolbrith Park,2022-09-11 14:50:10,2022-09-11,37.798085,-122.41334
Ina Coolbrith Park,2022-09-11 14:52:02,2022-09-11,37.798085,-122.41334
Ina Coolbrith Park,2022-09-11 14:54:27,2022-09-11,37.798314,-122.413598
Ina Coolbrith Park,2022-09-11 14:54:48,2022-09-11,37.798314,-122.413598
Ina Coolbrith Park,2022-09-11 14:55:33,2022-09-11,37.798314,-122.413598
Ina Coolbrith Park,2022-09-11 14:57:21,2022-09-11,37.798314,-122.413598
Ina Coolbrith Park,2022-09-11 14:57:46,2022-09-11,37.798314,-122.413598
Ina Coolbrith Park,2022-09-11 14:58:23,2022-09-11,37.798314,-122.413598
Ina Coolbrith Park,2022-09-11 14:59:49,2022-09-11,37.798314,-122.413598
Ina Coolbrith Park,2022-09-11 14:58:37,2022-09-11,37.798314,-122.413598
Ina Coolbrith Park,2022-09-11 15:01:41,2022-09-11,37.798314,-122.413598
Ina Coolbrith Park,2022-09-11 15:02:43,2022-09-11,37.798314,-122.413598
Ina Coolbrith Park,2022-09-11 14:55:49,2022-09-11,37.798314,-122.413598
Ina Coolbrith Park,2022-08-18 14:48:33,2022-08-18,37.798085,-122.41334
Ina Coolbrith Park,2022-08-18 14:50:33,2022-08-18,37.798085,-122.41334
Ina Coolbrith Park,2022-08-18 14:53:09,2022-08-18,37.798314,-122.413598
Ina Coolbrith Park,2022-08-18 14:53:56,2022-08-18,37.798314,-122.413598
Ina Coolbrith Park,2022-08-18 14:54:23,2022-08-18,37.798314,-122.413598
Ina Coolbrith Park,2022-08-18 14:54:44,2022-08-18,37.798314,-122.413598
Ina Coolbrith Park,2022-08-18 14:55:39,2022-08-18,37.798314,-122.413598
Ina Coolbrith Park,2022-08-18 14:57:41,2022-08-18,37.798314,-122.413598
Ina Coolbrith Park,2022-08-18 14:58:33,2022-08-18,37.798314,-122.413598
Ina Coolbrith Park,2022-08-18 14:55:54,2022-08-18,37.798314,-122.413598
Ina Coolbrith Park,2022-07-31 14:09:09,2022-07-31,37.798085,-122.41334
Ina Coolbrith Park,2022-07-31 14:22:39,2022-07-31,37.798314,-122.413598
Ina Coolbrith Park,2022-07-31 14:16:34,2022-07-31,37.798314,-122.413598
Ina Coolbrith Park,2022-07-18 14:38:32,2022-07-18,37.798085,-122.41334
Ina Coolbrith Park,2022-07-18 14:34:24,2022-07-18,37.798085,-122.41334
Ina Coolbrith Park,2022-07-18 14:39:55,2022-07-18,37.798085,-122.41334
Ina Coolbrith Park,2022-07-18 14:44:26,2022-07-18,37.798314,-122.413598
Ina Coolbrith Park,2022-07-18 14:44:44,2022-07-18,37.798314,-122.413598
Ina Coolbrith Park,2022-07-18 14:45:34,2022-07-18,37.798314,-122.413598
Ina Coolbrith Park,2022-07-18 14:48:04,2022-07-18,37.798314,-122.413598
Ina Coolbrith Park,2022-05-01 23:21:43,2022-05-01,37.798259,-122.41361
Ina Coolbrith Park,2022-07-08 14:32:27,2022-07-08,37.798085,-122.41334
Ina Coolbrith Park,2022-07-08 14:38:50,2022-07-08,37.798085,-122.41334
Ina Coolbrith Park,2022-07-08 14:40:14,2022-07-08,37.798085,-122.41334
Ina Coolbrith Park,2022-07-08 14:46:10,2022-07-08,37.798314,-122.413598
Ina Coolbrith Park,2022-07-08 14:46:32,2022-07-08,37.798314,-122.413598
Ina Coolbrith Park,2022-07-08 14:46:54,2022-07-08,37.798314,-122.413598
Ina Coolbrith Park,2022-07-08 14:48:00,2022-07-08,37.798314,-122.413598
Ina Coolbrith Park,2022-07-08 14:58:04,2022-07-08,37.798314,-122.413598
Ina Coolbrith Park,2022-07-08 14:58:18,2022-07-08,37.798314,-122.413598
Ina Coolbrith Park,2022-07-08 14:37:49,2022-07-08,37.798085,-122.41334
Ina Coolbrith Park,2022-07-08 14:52:36,2022-07-08,37.798314,-122.413598
Ina Coolbrith Park,2022-06-10 10:18:03,2022-06-10,37.798175,-122.413445
Ina Coolbrith Park,2022-06-10 10:21:05,2022-06-10,37.798249,-122.413495
Ina Coolbrith Park,2022-06-27 14:52:08,2022-06-27,37.798085,-122.41334
Ina Coolbrith Park,2022-06-27 14:53:03,2022-06-27,37.798085,-122.41334
Ina Coolbrith Park,2022-06-27 14:53:12,2022-06-27,37.798085,-122.41334
Ina Coolbrith Park,2022-06-27 14:55:30,2022-06-27,37.798314,-122.413598
Ina Coolbrith Park,2022-06-27 14:57:38,2022-06-27,37.798314,-122.413598
Ina Coolbrith Park,2022-06-27 14:57:45,2022-06-27,37.798314,-122.413598
Ina Coolbrith Park,2022-06-27 14:58:41,2022-06-27,37.798314,-122.413598
Ina Coolbrith Park,2022-06-27 15:01:00,2022-06-27,37.798314,-122.413598
Ina Coolbrith Park,2022-06-27 15:01:40,2022-06-27,37.798314,-122.413598
Ina Coolbrith Park,2022-06-27 15:04:32,2022-06-27,37.798314,-122.413598
Ina Coolbrith Park,2022-06-27 15:05:20,2022-06-27,37.798314,-122.413598
Ina Coolbrith Park,2022-06-27 15:06:01,2022-06-27,37.798314,-122.413598
Ina Coolbrith Park,2022-06-27 15:09:48,2022-06-27,37.798314,-122.413598
Ina Coolbrith Park,2022-06-27 15:12:01,2022-06-27,37.798314,-122.413598
Ina Coolbrith Park,2022-06-27 15:13:05,2022-06-27,37.798314,-122.413598
Ina Coolbrith Park,2022-06-27 15:13:43,2022-06-27,37.798314,-122.413598
Ina Coolbrith Park,2022-06-27 15:14:03,2022-06-27,37.798314,-122.413598
Ina Coolbrith Park,2022-06-27 15:17:32,2022-06-27,37.798314,-122.413598
Ina Coolbrith Park,2022-06-27 15:20:33,2022-06-27,37.798314,-122.413598
Ina Coolbrith Park,2022-06-27 15:03:27,2022-06-27,37.798314,-122.413598
Ina Coolbrith Park,2017-01-11 14:33:32,2017-01-11,37.798344,-122.413323
Ina Coolbrith Park,2022-06-10 14:25:14,2022-06-10,37.798085,-122.41334
Ina Coolbrith Park,2022-06-10 14:27:30,2022-06-10,37.798085,-122.41334
Ina Coolbrith Park,2022-06-10 14:28:19,2022-06-10,37.798085,-122.41334
Ina Coolbrith Park,2022-06-10 14:31:14,2022-06-10,37.798314,-122.413598
Ina Coolbrith Park,2022-06-10 14:32:05,2022-06-10,37.798314,-122.413598
Ina Coolbrith Park,2022-06-10 14:33:49,2022-06-10,37.798314,-122.413598
Ina Coolbrith Park,2022-06-10 14:32:46,2022-06-10,37.798314,-122.413598
Ina Coolbrith Park,2022-06-01 15:08:57,2022-06-01,37.798085,-122.41334
Ina Coolbrith Park,2022-06-01 15:09:01,2022-06-01,37.798085,-122.41334
Ina Coolbrith Park,2022-06-01 15:10:01,2022-06-01,37.798085,-122.41334
Ina Coolbrith Park,2022-06-01 15:12:30,2022-06-01,37.798085,-122.41334
Ina Coolbrith Park,2022-06-01 15:12:50,2022-06-01,37.798085,-122.41334
Ina Coolbrith Park,2022-06-01 15:16:25,2022-06-01,37.798085,-122.41334
Ina Coolbrith Park,2022-06-01 15:16:37,2022-06-01,37.798085,-122.41334
Ina Coolbrith Park,2022-06-01 15:17:17,2022-06-01,37.798085,-122.41334
Ina Coolbrith Park,2022-06-01 15:17:22,2022-06-01,37.798085,-122.41334
Ina Coolbrith Park,2022-06-01 15:19:13,2022-06-01,37.798085,-122.41334
Ina Coolbrith Park,2022-06-01 15:21:02,2022-06-01,37.798314,-122.413598
Ina Coolbrith Park,2022-06-01 15:22:37,2022-06-01,37.798314,-122.413598
Ina Coolbrith Park,2022-06-01 15:25:10,2022-06-01,37.798314,-122.413598
Ina Coolbrith Park,2022-06-01 15:25:58,2022-06-01,37.798314,-122.413598
Ina Coolbrith Park,2022-06-01 15:39:28,2022-06-01,37.798314,-122.413598
Ina Coolbrith Park,2022-06-01 15:40:33,2022-06-01,37.798314,-122.413598
Ina Coolbrith Park,2022-06-01 15:22:20,2022-06-01,37.798314,-122.413598
Ina Coolbrith Park,2022-04-29 20:41:17,2022-04-29,37.798297,-122.413637
Ina Coolbrith Park,2022-04-29 20:27:22,2022-04-29,37.798297,-122.413669
Ina Coolbrith Park,2022-04-29 20:22:57,2022-04-29,37.798306,-122.41368
Ina Coolbrith Park,2022-04-29 19:24:02,2022-04-29,37.798289,-122.413637
Ina Coolbrith Park,2022-05-24 15:27:32,2022-05-24,37.798085,-122.41334
Ina Coolbrith Park,2022-05-24 15:27:39,2022-05-24,37.798085,-122.41334
Ina Coolbrith Park,2022-05-24 15:28:00,2022-05-24,37.798085,-122.41334
Ina Coolbrith Park,2022-05-24 15:30:27,2022-05-24,37.798314,-122.413598
Ina Coolbrith Park,2022-05-24 15:30:44,2022-05-24,37.798314,-122.413598
Ina Coolbrith Park,2022-05-24 15:31:41,2022-05-24,37.798314,-122.413598
Ina Coolbrith Park,2022-05-24 15:31:53,2022-05-24,37.798314,-122.413598
Ina Coolbrith Park,2022-05-24 15:34:35,2022-05-24,37.798314,-122.413598
Ina Coolbrith Park,2022-05-24 15:35:00,2022-05-24,37.798314,-122.413598
Ina Coolbrith Park,2022-05-24 15:35:12,2022-05-24,37.798314,-122.413598
Ina Coolbrith Park,2022-05-24 15:35:16,2022-05-24,37.798314,-122.413598
Ina Coolbrith Park,2022-05-24 15:35:26,2022-05-24,37.798314,-122.413598
Ina Coolbrith Park,2022-05-24 15:26:46,2022-05-24,37.798085,-122.41334
Ina Coolbrith Park,2022-05-19 14:18:25,2022-05-19,37.798085,-122.41334
Ina Coolbrith Park,2022-05-12 13:44:30,2022-05-12,37.798085,-122.41334
Ina Coolbrith Park,2022-05-12 13:47:48,2022-05-12,37.798314,-122.413598
Ina Coolbrith Park,2022-05-04 14:12:16,2022-05-04,37.798085,-122.41334
Ina Coolbrith Park,2022-05-04 14:12:21,2022-05-04,37.798085,-122.41334
Ina Coolbrith Park,2022-05-04 14:14:38,2022-05-04,37.798085,-122.41334
Ina Coolbrith Park,2022-05-04 14:14:50,2022-05-04,37.798085,-122.41334
Ina Coolbrith Park,2022-05-04 14:15:39,2022-05-04,37.798085,-122.41334
Ina Coolbrith Park,2022-05-04 14:18:40,2022-05-04,37.798085,-122.41334
Ina Coolbrith Park,2022-05-04 14:25:39,2022-05-04,37.798314,-122.413598
Ina Coolbrith Park,2022-05-04 14:27:18,2022-05-04,37.798314,-122.413598
Ina Coolbrith Park,2022-05-04 14:13:10,2022-05-04,37.798085,-122.41334
Ina Coolbrith Park,2022-04-21 15:39:26,2022-04-21,37.798314,-122.413598
Ina Coolbrith Park,2022-04-21 15:50:55,2022-04-21,37.798314,-122.413598
Ina Coolbrith Park,2022-04-21 16:05:33,2022-04-21,37.798085,-122.41334
Ina Coolbrith Park,2022-04-21 15:50:07,2022-04-21,37.798314,-122.413598
Ina Coolbrith Park,2022-04-17 21:00:28,2022-04-17,37.798402,-122.413573
Ina Coolbrith Park,2022-04-16 14:12:46,2022-04-16,37.798314,-122.413598
Ina Coolbrith Park,2022-04-16 14:15:28,2022-04-16,37.798314,-122.413598
Ina Coolbrith Park,2022-04-13 14:21:08,2022-04-13,37.798085,-122.41334
Ina Coolbrith Park,2022-04-13 14:21:49,2022-04-13,37.798085,-122.41334
Ina Coolbrith Park,2022-04-13 14:22:56,2022-04-13,37.798314,-122.413598
Ina Coolbrith Park,2022-04-13 14:24:42,2022-04-13,37.798314,-122.413598
Ina Coolbrith Park,2022-04-13 14:31:51,2022-04-13,37.798314,-122.413598
Ina Coolbrith Park,2022-04-08 17:01:26,2022-04-08,37.798314,-122.413598
Ina Coolbrith Park,2022-04-08 17:01:39,2022-04-08,37.798314,-122.413598
Ina Coolbrith Park,2022-04-08 17:02:29,2022-04-08,37.798314,-122.413598
Ina Coolbrith Park,2022-03-22 02:57:22,2022-03-22,37.798153,-122.413604
Ina Coolbrith Park,2020-04-04 13:48:21,2020-04-04,37.798085,-122.41334
Ina Coolbrith Park,2020-04-04 13:51:15,2020-04-04,37.798314,-122.413598
Ina Coolbrith Park,2022-03-17 16:19:11,2022-03-17,37.798085,-122.41334
Ina Coolbrith Park,2022-03-17 16:20:17,2022-03-17,37.798085,-122.41334
Ina Coolbrith Park,2022-03-17 16:23:02,2022-03-17,37.798085,-122.41334
Ina Coolbrith Park,2022-03-17 16:26:08,2022-03-17,37.798314,-122.413598
Ina Coolbrith Park,2022-03-17 16:27:57,2022-03-17,37.798314,-122.413598
Ina Coolbrith Park,2022-03-07 14:22:45,2022-03-07,37.798314,-122.413598
Ina Coolbrith Park,2022-03-07 14:23:38,2022-03-07,37.798314,-122.413598
Ina Coolbrith Park,2022-03-07 14:18:48,2022-03-07,37.798085,-122.41334
Ina Coolbrith Park,2022-02-27 06:26:42,2022-02-27,37.79798,-122.413567
Ina Coolbrith Park,2022-03-03 15:43:02,2022-03-03,37.798085,-122.41334
Ina Coolbrith Park,2022-03-03 15:43:26,2022-03-03,37.798085,-122.41334
Ina Coolbrith Park,2022-03-03 15:43:49,2022-03-03,37.798085,-122.41334
Ina Coolbrith Park,2022-03-03 15:44:23,2022-03-03,37.798085,-122.41334
Ina Coolbrith Park,2022-03-03 15:46:56,2022-03-03,37.798085,-122.41334
Ina Coolbrith Park,2022-03-03 15:47:25,2022-03-03,37.798085,-122.41334
Ina Coolbrith Park,2022-03-03 15:49:26,2022-03-03,37.798314,-122.413598
Ina Coolbrith Park,2022-03-03 15:49:51,2022-03-03,37.798314,-122.413598
Ina Coolbrith Park,2022-03-03 15:53:02,2022-03-03,37.798314,-122.413598
Ina Coolbrith Park,2022-03-03 15:53:10,2022-03-03,37.798314,-122.413598
Ina Coolbrith Park,2022-03-03 15:53:28,2022-03-03,37.798314,-122.413598
Ina Coolbrith Park,2022-03-03 15:53:39,2022-03-03,37.798314,-122.413598
Ina Coolbrith Park,2022-03-03 15:55:28,2022-03-03,37.798314,-122.413598
Ina Coolbrith Park,2022-03-03 15:56:10,2022-03-03,37.798314,-122.413598
Ina Coolbrith Park,2022-03-03 15:57:32,2022-03-03,37.798314,-122.413598
Ina Coolbrith Park,2022-03-03 15:41:49,2022-03-03,37.798085,-122.41334
Ina Coolbrith Park,2022-03-03 15:51:58,2022-03-03,37.798314,-122.413598
Ina Coolbrith Park,2022-02-21 11:34:39,2022-02-21,37.798085,-122.41334
Ina Coolbrith Park,2022-02-21 11:35:45,2022-02-21,37.798085,-122.41334
Ina Coolbrith Park,2022-02-21 11:36:09,2022-02-21,37.798085,-122.41334
Ina Coolbrith Park,2022-02-21 11:37:41,2022-02-21,37.798085,-122.41334
Ina Coolbrith Park,2022-02-21 11:45:57,2022-02-21,37.798314,-122.413598
Ina Coolbrith Park,2022-01-23 14:54:07,2022-01-23,37.798085,-122.41334
Ina Coolbrith Park,2022-01-23 14:54:44,2022-01-23,37.798085,-122.41334
Ina Coolbrith Park,2022-01-23 14:56:03,2022-01-23,37.798085,-122.41334
Ina Coolbrith Park,2022-01-23 14:56:21,2022-01-23,37.798085,-122.41334
Ina Coolbrith Park,2022-01-23 14:58:24,2022-01-23,37.798314,-122.413598
Ina Coolbrith Park,2022-01-23 15:01:13,2022-01-23,37.798314,-122.413598
Ina Coolbrith Park,2022-01-23 14:54:09,2022-01-23,37.798085,-122.41334
Ina Coolbrith Park,2022-01-20 15:07:26,2022-01-20,37.798085,-122.41334
Ina Coolbrith Park,2022-01-20 15:10:30,2022-01-20,37.798085,-122.41334
Ina Coolbrith Park,2022-01-20 15:11:20,2022-01-20,37.798085,-122.41334
Ina Coolbrith Park,2022-01-20 15:13:55,2022-01-20,37.798314,-122.413598
Ina Coolbrith Park,2022-01-20 15:14:33,2022-01-20,37.798314,-122.413598
Ina Coolbrith Park,2022-01-20 15:14:51,2022-01-20,37.798314,-122.413598
Ina Coolbrith Park,2022-01-20 15:15:58,2022-01-20,37.798314,-122.413598
Ina Coolbrith Park,2022-01-20 15:17:28,2022-01-20,37.798314,-122.413598
Ina Coolbrith Park,2022-01-20 15:17:43,2022-01-20,37.798314,-122.413598
Ina Coolbrith Park,2022-01-20 15:11:04,2022-01-20,37.798085,-122.41334
Ina Coolbrith Park,2022-01-20 15:17:50,2022-01-20,37.798314,-122.413598
Ina Coolbrith Park,2022-01-12 16:05:57,2022-01-12,37.798085,-122.41334
Ina Coolbrith Park,2022-01-12 16:07:31,2022-01-12,37.798085,-122.41334
Ina Coolbrith Park,2022-01-12 16:10:06,2022-01-12,37.798314,-122.413598
Ina Coolbrith Park,2022-01-12 16:14:06,2022-01-12,37.798314,-122.413598
Ina Coolbrith Park,2023-01-01 14:02:50,2023-01-01,37.798314,-122.413598
Ina Coolbrith Park,2023-01-01 14:05:34,2023-01-01,37.798314,-122.413598
Ina Coolbrith Park,2022-12-24 13:41:44,2022-12-24,37.798314,-122.413598
Ina Coolbrith Park,2022-12-24 13:42:00,2022-12-24,37.798314,-122.413598
Ina Coolbrith Park,2022-12-24 13:42:11,2022-12-24,37.798314,-122.413598
Ina Coolbrith Park,2022-12-24 13:42:42,2022-12-24,37.798314,-122.413598
Ina Coolbrith Park,2022-12-24 13:44:50,2022-12-24,37.798314,-122.413598
Ina Coolbrith Park,2022-12-24 13:45:51,2022-12-24,37.798314,-122.413598
Ina Coolbrith Park,2022-12-10 16:17:39,2022-12-10,37.798085,-122.41334
Ina Coolbrith Park,2022-12-10 16:19:13,2022-12-10,37.798314,-122.413598
Ina Coolbrith Park,2022-12-10 16:19:50,2022-12-10,37.798314,-122.413598
Ina Coolbrith Park,2022-12-10 16:20:56,2022-12-10,37.798314,-122.413598
Ina Coolbrith Park,2022-12-10 16:17:51,2022-12-10,37.798085,-122.41334
Ina Coolbrith Park,2022-11-29 15:51:19,2022-11-29,37.798085,-122.41334
Ina Coolbrith Park,2022-11-29 15:51:50,2022-11-29,37.798314,-122.413598
Ina Coolbrith Park,2022-11-29 15:53:43,2022-11-29,37.798314,-122.413598
Ina Coolbrith Park,2022-11-29 15:54:39,2022-11-29,37.798314,-122.413598
Ina Coolbrith Park,2022-11-29 15:55:13,2022-11-29,37.798314,-122.413598
Ina Coolbrith Park,2022-11-27 12:28:35,2022-11-27,37.798085,-122.41334
Ina Coolbrith Park,2022-11-27 12:28:50,2022-11-27,37.798085,-122.41334
Ina Coolbrith Park,2021-03-11 17:50:39,2021-03-11,37.798172,-122.413606
Ina Coolbrith Park,2021-11-04 15:12:30,2021-11-04,37.798314,-122.413598
Ina Coolbrith Park,2021-11-04 15:13:13,2021-11-04,37.798314,-122.413598
Ina Coolbrith Park,2021-11-04 15:15:13,2021-11-04,37.798314,-122.413598
Ina Coolbrith Park,2021-10-15 15:41:46,2021-10-15,37.798085,-122.41334
Ina Coolbrith Park,2021-10-15 15:44:25,2021-10-15,37.798314,-122.413598
Ina Coolbrith Park,2021-10-15 15:44:50,2021-10-15,37.798314,-122.413598
Ina Coolbrith Park,2021-10-15 15:55:19,2021-10-15,37.798314,-122.413598
Ina Coolbrith Park,2021-10-15 15:59:01,2021-10-15,37.798314,-122.413598
Ina Coolbrith Park,2021-09-27 13:27:09,2021-09-27,37.798314,-122.413598
Ina Coolbrith Park,2021-09-27 13:27:17,2021-09-27,37.798314,-122.413598
Ina Coolbrith Park,2021-09-27 13:29:02,2021-09-27,37.798314,-122.413598
Ina Coolbrith Park,2021-09-27 13:29:18,2021-09-27,37.798314,-122.413598
Ina Coolbrith Park,2021-09-24 14:26:39,2021-09-24,37.798085,-122.41334
Ina Coolbrith Park,2021-09-14 16:31:54,2021-09-14,37.798314,-122.413598
Ina Coolbrith Park,2021-09-14 16:34:54,2021-09-14,37.798314,-122.413598
Ina Coolbrith Park,2021-09-14 16:35:59,2021-09-14,37.798314,-122.413598
Ina Coolbrith Park,2021-09-14 16:37:43,2021-09-14,37.798314,-122.413598
Ina Coolbrith Park,2021-09-14 17:03:16,2021-09-14,37.798085,-122.41334
Ina Coolbrith Park,2021-09-14 17:04:21,2021-09-14,37.798085,-122.41334
Ina Coolbrith Park,2021-09-14 17:04:58,2021-09-14,37.798085,-122.41334
Ina Coolbrith Park,2021-09-14 17:05:09,2021-09-14,37.798085,-122.41334
Ina Coolbrith Park,2021-09-14 16:35:48,2021-09-14,37.798314,-122.413598
Ina Coolbrith Park,2021-09-14 17:09:35,2021-09-14,37.798085,-122.41334
Ina Coolbrith Park,2021-08-07 17:58:03,2021-08-07,37.798452,-122.413414
Ina Coolbrith Park,2021-08-31 15:56:04,2021-08-31,37.798085,-122.41334
Ina Coolbrith Park,2021-08-31 15:57:26,2021-08-31,37.798085,-122.41334
Ina Coolbrith Park,2021-08-31 16:01:09,2021-08-31,37.798314,-122.413598
Ina Coolbrith Park,2021-08-31 16:02:17,2021-08-31,37.798314,-122.413598
Ina Coolbrith Park,2021-08-31 16:02:31,2021-08-31,37.798314,-122.413598
Ina Coolbrith Park,2021-08-31 16:07:08,2021-08-31,37.798314,-122.413598
Ina Coolbrith Park,2021-08-31 16:07:24,2021-08-31,37.798314,-122.413598
Ina Coolbrith Park,2021-08-31 15:56:13,2021-08-31,37.798085,-122.41334
Ina Coolbrith Park,2021-08-31 16:08:39,2021-08-31,37.798314,-122.413598
Ina Coolbrith Park,2021-08-16 14:54:22,2021-08-16,37.798085,-122.41334
Ina Coolbrith Park,2021-08-16 14:58:56,2021-08-16,37.798085,-122.41334
Ina Coolbrith Park,2021-08-16 14:59:21,2021-08-16,37.798085,-122.41334
Ina Coolbrith Park,2021-08-16 15:11:28,2021-08-16,37.798314,-122.413598
Ina Coolbrith Park,2021-08-16 15:12:34,2021-08-16,37.798314,-122.413598
Ina Coolbrith Park,2021-08-16 15:14:20,2021-08-16,37.798314,-122.413598
Ina Coolbrith Park,2021-08-16 15:16:29,2021-08-16,37.798314,-122.413598
Ina Coolbrith Park,2021-08-16 15:23:12,2021-08-16,37.798314,-122.413598
Ina Coolbrith Park,2021-08-16 15:23:28,2021-08-16,37.798314,-122.413598
Ina Coolbrith Park,2021-08-08 20:52:04,2021-08-08,37.798402,-122.413573
Ina Coolbrith Park,2021-08-07 14:10:36,2021-08-07,37.798085,-122.41334
Ina Coolbrith Park,2021-08-07 14:15:52,2021-08-07,37.798085,-122.41334
Ina Coolbrith Park,2021-08-07 14:22:03,2021-08-07,37.798085,-122.41334
Ina Coolbrith Park,2021-08-07 14:23:53,2021-08-07,37.798085,-122.41334
Ina Coolbrith Park,2021-08-07 14:31:57,2021-08-07,37.798314,-122.413598
Ina Coolbrith Park,2021-08-07 14:35:00,2021-08-07,37.798314,-122.413598
Ina Coolbrith Park,2021-08-07 14:36:31,2021-08-07,37.798314,-122.413598
Ina Coolbrith Park,2021-08-07 14:37:39,2021-08-07,37.798314,-122.413598
Ina Coolbrith Park,2021-07-26 14:02:35,2021-07-26,37.798085,-122.41334
Ina Coolbrith Park,2021-07-26 14:07:18,2021-07-26,37.798085,-122.41334
Ina Coolbrith Park,2021-07-26 14:16:09,2021-07-26,37.798085,-122.41334
Ina Coolbrith Park,2021-07-26 14:17:53,2021-07-26,37.798085,-122.41334
Ina Coolbrith Park,2021-07-26 14:18:46,2021-07-26,37.798085,-122.41334
Ina Coolbrith Park,2021-07-26 14:19:25,2021-07-26,37.798085,-122.41334
Ina Coolbrith Park,2021-07-26 14:23:03,2021-07-26,37.798085,-122.41334
Ina Coolbrith Park,2021-07-26 14:27:32,2021-07-26,37.798314,-122.413598
Ina Coolbrith Park,2021-07-26 14:30:37,2021-07-26,37.798314,-122.413598
Ina Coolbrith Park,2021-07-26 14:33:36,2021-07-26,37.798314,-122.413598
Ina Coolbrith Park,2021-07-26 14:07:08,2021-07-26,37.798085,-122.41334
Ina Coolbrith Park,2020-12-31 07:02:20,2020-12-31,37.798309,-122.413465
Ina Coolbrith Park,2021-07-12 12:19:42,2021-07-12,37.798085,-122.41334
Ina Coolbrith Park,2021-07-12 12:22:06,2021-07-12,37.798085,-122.41334
Ina Coolbrith Park,2021-07-12 12:24:08,2021-07-12,37.798085,-122.41334
Ina Coolbrith Park,2021-07-12 12:22:36,2021-07-12,37.798085,-122.41334
Ina Coolbrith Park,2021-07-12 12:25:15,2021-07-12,37.798085,-122.41334
Ina Coolbrith Park,2021-07-12 12:29:38,2021-07-12,37.798314,-122.413598
Ina Coolbrith Park,2021-07-12 12:31:28,2021-07-12,37.798314,-122.413598
Ina Coolbrith Park,2021-07-12 12:32:49,2021-07-12,37.798314,-122.413598
Ina Coolbrith Park,2021-07-12 12:34:25,2021-07-12,37.798314,-122.413598
Ina Coolbrith Park,2021-07-12 12:47:31,2021-07-12,37.798314,-122.413598
Ina Coolbrith Park,2021-06-21 14:45:07,2021-06-21,37.798085,-122.41334
Ina Coolbrith Park,2021-06-21 14:45:47,2021-06-21,37.798085,-122.41334
Ina Coolbrith Park,2021-06-21 14:46:45,2021-06-21,37.798085,-122.41334
Ina Coolbrith Park,2021-06-21 14:47:51,2021-06-21,37.798085,-122.41334
Ina Coolbrith Park,2021-06-21 14:54:08,2021-06-21,37.798085,-122.41334
Ina Coolbrith Park,2021-06-21 14:56:57,2021-06-21,37.798085,-122.41334
Ina Coolbrith Park,2021-06-21 14:59:05,2021-06-21,37.798085,-122.41334
Ina Coolbrith Park,2021-06-21 15:02:10,2021-06-21,37.798085,-122.41334
Ina Coolbrith Park,2021-06-21 15:02:29,2021-06-21,37.798085,-122.41334
Ina Coolbrith Park,2021-06-21 15:05:34,2021-06-21,37.798085,-122.41334
Ina Coolbrith Park,2021-06-21 15:07:16,2021-06-21,37.798085,-122.41334
Ina Coolbrith Park,2021-06-21 15:08:17,2021-06-21,37.798085,-122.41334
Ina Coolbrith Park,2021-06-21 15:12:23,2021-06-21,37.798085,-122.41334
Ina Coolbrith Park,2021-06-21 15:19:28,2021-06-21,37.798085,-122.41334
Ina Coolbrith Park,2021-06-21 15:30:21,2021-06-21,37.798314,-122.413598
Ina Coolbrith Park,2021-06-21 15:21:22,2021-06-21,37.798085,-122.41334
Ina Coolbrith Park,2021-06-21 15:38:34,2021-06-21,37.798314,-122.413598
Ina Coolbrith Park,2021-06-21 15:38:46,2021-06-21,37.798314,-122.413598
Ina Coolbrith Park,2021-06-21 15:40:44,2021-06-21,37.798314,-122.413598
Ina Coolbrith Park,2021-06-21 14:48:15,2021-06-21,37.798085,-122.41334
Ina Coolbrith Park,2021-06-21 15:31:13,2021-06-21,37.798314,-122.413598
Ina Coolbrith Park,2021-06-19 21:17:36,2021-06-19,37.79828,-122.413659
Ina Coolbrith Park,2021-06-13 13:01:24,2021-06-13,37.798122,-122.413187
Ina Coolbrith Park,2021-06-13 13:03:05,2021-06-13,37.798263,-122.413284
Ina Coolbrith Park,2021-06-13 13:08:57,2021-06-13,37.798455,-122.413559
Ina Coolbrith Park,2021-06-13 13:00:59,2021-06-13,37.798061,-122.413131
Ina Coolbrith Park,2021-06-07 11:15:22,2021-06-07,37.798085,-122.41334
Ina Coolbrith Park,2021-06-07 11:16:23,2021-06-07,37.798085,-122.41334
Ina Coolbrith Park,2021-06-07 11:23:59,2021-06-07,37.798085,-122.41334
Ina Coolbrith Park,2021-06-07 11:24:19,2021-06-07,37.798085,-122.41334
Ina Coolbrith Park,2021-06-07 11:25:25,2021-06-07,37.798085,-122.41334
Ina Coolbrith Park,2021-06-07 11:26:11,2021-06-07,37.798085,-122.41334
Ina Coolbrith Park,2021-06-07 11:29:47,2021-06-07,37.798085,-122.41334
Ina Coolbrith Park,2021-06-07 11:30:47,2021-06-07,37.798085,-122.41334
Ina Coolbrith Park,2021-06-07 11:33:34,2021-06-07,37.798085,-122.41334
Ina Coolbrith Park,2021-06-07 11:38:28,2021-06-07,37.798085,-122.41334
Ina Coolbrith Park,2021-06-07 11:42:31,2021-06-07,37.798085,-122.41334
Ina Coolbrith Park,2021-06-07 11:43:28,2021-06-07,37.798085,-122.41334
Ina Coolbrith Park,2021-06-07 11:46:42,2021-06-07,37.798085,-122.41334
Ina Coolbrith Park,2021-06-07 11:44:43,2021-06-07,37.798085,-122.41334
Ina Coolbrith Park,2021-06-07 11:47:03,2021-06-07,37.798085,-122.41334
Ina Coolbrith Park,2021-06-07 11:47:25,2021-06-07,37.798085,-122.41334
Ina Coolbrith Park,2021-06-07 11:57:10,2021-06-07,37.798314,-122.413598
Ina Coolbrith Park,2021-06-07 11:48:00,2021-06-07,37.798085,-122.41334
Ina Coolbrith Park,2021-06-07 11:59:10,2021-06-07,37.798314,-122.413598
Ina Coolbrith Park,2021-06-07 12:00:14,2021-06-07,37.798314,-122.413598
Ina Coolbrith Park,2021-06-13 13:00:44,2021-06-13,37.798416,-122.41327
Ina Coolbrith Park,2021-05-26 15:14:13,2021-05-26,37.798085,-122.41334
Ina Coolbrith Park,2021-05-26 15:23:24,2021-05-26,37.798314,-122.413598
Ina Coolbrith Park,2021-05-26 15:35:24,2021-05-26,37.798314,-122.413598
Ina Coolbrith Park,2021-05-20 12:08:54,2021-05-20,37.798085,-122.41334
Ina Coolbrith Park,2021-05-20 12:10:16,2021-05-20,37.798085,-122.41334
Ina Coolbrith Park,2021-05-20 12:12:37,2021-05-20,37.798085,-122.41334
Ina Coolbrith Park,2021-05-20 12:15:12,2021-05-20,37.798085,-122.41334
Ina Coolbrith Park,2021-05-20 12:16:55,2021-05-20,37.798085,-122.41334
Ina Coolbrith Park,2021-05-20 12:18:59,2021-05-20,37.798085,-122.41334
Ina Coolbrith Park,2021-05-20 12:21:52,2021-05-20,37.798085,-122.41334
Ina Coolbrith Park,2021-05-20 12:24:30,2021-05-20,37.798085,-122.41334
Ina Coolbrith Park,2021-05-20 12:31:53,2021-05-20,37.798085,-122.41334
Ina Coolbrith Park,2021-05-20 12:33:31,2021-05-20,37.798314,-122.413598
Ina Coolbrith Park,2021-05-20 12:44:48,2021-05-20,37.798085,-122.41334
Ina Coolbrith Park,2021-05-20 12:45:14,2021-05-20,37.798085,-122.41334
Ina Coolbrith Park,2021-05-20 12:30:34,2021-05-20,37.798085,-122.41334
Ina Coolbrith Park,2021-05-14 15:26:22,2021-05-14,37.798085,-122.41334
Ina Coolbrith Park,2021-05-14 15:26:34,2021-05-14,37.798085,-122.41334
Ina Coolbrith Park,2021-05-14 15:29:24,2021-05-14,37.798085,-122.41334
Ina Coolbrith Park,2021-05-14 15:30:14,2021-05-14,37.798085,-122.41334
Ina Coolbrith Park,2021-05-14 15:39:45,2021-05-14,37.798314,-122.413598
Ina Coolbrith Park,2021-05-14 15:40:34,2021-05-14,37.798314,-122.413598
Ina Coolbrith Park,2021-05-14 15:41:25,2021-05-14,37.798314,-122.413598
Ina Coolbrith Park,2021-05-14 15:24:38,2021-05-14,37.798085,-122.41334
Patricia's Green in Hayes Valley,2023-03-13 18:53:02,2023-03-13,37.776252,-122.42437
Patricia's Green in Hayes Valley,2023-02-17 18:49:52,2023-02-17,37.776061,-122.424478
Patricia's Green in Hayes Valley,2022-11-19 13:15:18,2022-11-19,37.776381,-122.42457
Patricia's Green in Hayes Valley,2022-11-17 21:16:23,2022-11-17,37.776381,-122.42457
Patricia's Green in Hayes Valley,2022-11-17 21:15:18,2022-11-17,37.776381,-122.42457
Patricia's Green in Hayes Valley,2022-09-30 20:40:52,2022-09-30,37.776527,-122.424592
Patricia's Green in Hayes Valley,2022-09-30 20:41:00,2022-09-30,37.776527,-122.424592
Patricia's Green in Hayes Valley,2010-02-18 10:58:15,2010-02-18,37.776275,-122.424495
Patricia's Green in Hayes Valley,2010-02-18 10:58:30,2010-02-18,37.776275,-122.424495
Patricia's Green in Hayes Valley,2010-02-18 10:59:19,2010-02-18,37.776275,-122.424495
Patricia's Green in Hayes Valley,2022-02-06 15:22:09,2022-02-06,37.77628,-122.424339
Patricia's Green in Hayes Valley,2021-10-28 18:20:39,2021-10-28,37.776455,-122.424539
Patricia's Green in Hayes Valley,2021-10-09 17:35:25,2021-10-09,37.77628,-122.424331
Patricia's Green in Hayes Valley,2021-10-09 16:24:44,2021-10-09,37.776102,-122.424287
Noe Valley Town Square,2023-02-09 17:36:41,2023-02-09,37.75148,-122.429092
Noe Valley Town Square,2023-01-26 16:40:31,2023-01-26,37.751427,-122.429026
